-- phpMyAdmin SQL Dump
-- version 4.8.1
-- https://www.phpmyadmin.net/
--
-- Host: 127.0.0.1
-- Generation Time: Aug 27, 2018 at 03:16 PM
-- Server version: 10.1.33-MariaDB
-- PHP Version: 7.1.18

SET SQL_MODE = "NO_AUTO_VALUE_ON_ZERO";
SET AUTOCOMMIT = 0;
START TRANSACTION;
SET time_zone = "+00:00";


/*!40101 SET @OLD_CHARACTER_SET_CLIENT=@@CHARACTER_SET_CLIENT */;
/*!40101 SET @OLD_CHARACTER_SET_RESULTS=@@CHARACTER_SET_RESULTS */;
/*!40101 SET @OLD_COLLATION_CONNECTION=@@COLLATION_CONNECTION */;
/*!40101 SET NAMES utf8mb4 */;

--
-- Database: `eapi`
--

-- --------------------------------------------------------

--
-- Table structure for table `migrations`
--

CREATE TABLE `migrations` (
  `id` int(10) UNSIGNED NOT NULL,
  `migration` varchar(255) COLLATE utf8mb4_unicode_ci NOT NULL,
  `batch` int(11) NOT NULL
) ENGINE=InnoDB DEFAULT CHARSET=utf8mb4 COLLATE=utf8mb4_unicode_ci;

--
-- Dumping data for table `migrations`
--

INSERT INTO `migrations` (`id`, `migration`, `batch`) VALUES
(1, '2014_10_12_000000_create_users_table', 1),
(2, '2014_10_12_100000_create_password_resets_table', 1),
(3, '2018_08_26_073133_create_products_table', 1);

-- --------------------------------------------------------

--
-- Table structure for table `password_resets`
--

CREATE TABLE `password_resets` (
  `email` varchar(191) COLLATE utf8mb4_unicode_ci NOT NULL,
  `token` varchar(191) COLLATE utf8mb4_unicode_ci NOT NULL,
  `created_at` timestamp NULL DEFAULT NULL
) ENGINE=InnoDB DEFAULT CHARSET=utf8mb4 COLLATE=utf8mb4_unicode_ci;

-- --------------------------------------------------------

--
-- Table structure for table `products`
--

CREATE TABLE `products` (
  `id` int(10) UNSIGNED NOT NULL,
  `name` varchar(191) COLLATE utf8mb4_unicode_ci NOT NULL,
  `detail` text COLLATE utf8mb4_unicode_ci NOT NULL,
  `price` int(11) NOT NULL,
  `stock` int(11) NOT NULL,
  `discount` int(11) NOT NULL,
  `created_at` timestamp NULL DEFAULT NULL,
  `updated_at` timestamp NULL DEFAULT NULL
) ENGINE=InnoDB DEFAULT CHARSET=utf8mb4 COLLATE=utf8mb4_unicode_ci;

--
-- Dumping data for table `products`
--

INSERT INTO `products` (`id`, `name`, `detail`, `price`, `stock`, `discount`, `created_at`, `updated_at`) VALUES
(51, 'quo', 'Fugit delectus recusandae fuga quisquam tenetur quia perspiciatis. Velit voluptatibus aut provident molestiae. Dolorem et dolor impedit a velit a quia aut.', 397, 4, 30, '2018-08-27 06:14:10', '2018-08-27 06:14:10'),
(52, 'culpa', 'Praesentium quidem ea facilis quibusdam deserunt qui omnis necessitatibus. Ea corporis quia alias fugiat sint. Tempora nostrum velit aut magni veritatis eius. Mollitia eos esse qui quis.', 424, 3, 5, '2018-08-27 06:14:11', '2018-08-27 06:14:11'),
(53, 'ipsum', 'Omnis accusantium dicta perspiciatis veritatis qui. Reiciendis accusamus autem nobis ipsa.', 531, 2, 27, '2018-08-27 06:14:11', '2018-08-27 06:14:11'),
(54, 'id', 'Deserunt consectetur voluptas a maiores nihil temporibus. Consequatur repellendus cumque laborum itaque. Alias iure laboriosam nesciunt officiis fugiat consequatur eum.', 670, 7, 19, '2018-08-27 06:14:11', '2018-08-27 06:14:11'),
(55, 'neque', 'Dolor qui id voluptas repudiandae est esse. Impedit illo id deserunt ratione fuga. Iusto cupiditate tenetur at molestiae. Ipsa eligendi et at nihil aspernatur ut et sequi.', 531, 2, 12, '2018-08-27 06:14:11', '2018-08-27 06:14:11'),
(56, 'adipisci', 'Consequatur saepe eum voluptatem natus minima et nihil dolor. Voluptatum libero blanditiis dolor dolores tenetur. Incidunt iusto sit rerum in aut modi.', 847, 7, 12, '2018-08-27 06:14:11', '2018-08-27 06:14:11'),
(57, 'est', 'Blanditiis doloremque blanditiis enim dolores rem. Dolorem qui at in fugit earum.', 190, 0, 9, '2018-08-27 06:14:11', '2018-08-27 06:14:11'),
(58, 'enim', 'Nostrum id sunt harum aliquam. Aut ut repellendus enim eos. Fuga autem commodi nemo accusamus veritatis ullam. Velit itaque officia nobis nostrum et deleniti unde.', 572, 1, 26, '2018-08-27 06:14:11', '2018-08-27 06:14:11'),
(59, 'consequuntur', 'Esse ea consequatur eligendi sunt est neque. Et non esse quos eveniet sequi illum labore. Sed officia dolorem soluta quisquam distinctio exercitationem laudantium nostrum. Ipsa laboriosam ad sequi animi.', 873, 5, 27, '2018-08-27 06:14:11', '2018-08-27 06:14:11'),
(60, 'natus', 'Quisquam odio dolor explicabo. Quae vero laudantium voluptatem quia. Vitae nihil consequuntur quo et id. Corrupti modi sunt dolores quia minima ipsum.', 284, 0, 11, '2018-08-27 06:14:11', '2018-08-27 06:14:11'),
(61, 'illum', 'Fugiat cum quibusdam quis delectus sint qui. Aspernatur voluptatibus voluptatem fuga nisi quae rerum voluptatem. Est quibusdam consequuntur qui adipisci quia nisi itaque. Doloremque totam reiciendis iste illo sit nesciunt illum consectetur.', 136, 6, 25, '2018-08-27 06:14:11', '2018-08-27 06:14:11'),
(62, 'consequuntur', 'Aliquid molestiae aliquam est. Commodi et deserunt officia. Et accusamus quod dolores dolore.', 108, 1, 9, '2018-08-27 06:14:11', '2018-08-27 06:14:11'),
(63, 'omnis', 'Ut commodi id veniam est est ipsam. Delectus repudiandae labore in. Voluptate ut quia incidunt et. Similique consequatur repudiandae laudantium sint sed.', 134, 5, 8, '2018-08-27 06:14:11', '2018-08-27 06:14:11'),
(64, 'non', 'Et voluptatem cum dolorem. Soluta explicabo et quae dolorem sit. Omnis eum et officiis voluptas. Optio magnam dolorem saepe quaerat. Qui occaecati dolore ad amet eum.', 130, 2, 3, '2018-08-27 06:14:11', '2018-08-27 06:14:11'),
(65, 'dolorum', 'Accusamus fuga ut commodi odio assumenda debitis. Cupiditate sapiente sit saepe at a autem dicta. Ut at mollitia optio illo facere. Ad dolorem reprehenderit qui veritatis non qui nemo.', 899, 2, 27, '2018-08-27 06:14:11', '2018-08-27 06:14:11'),
(66, 'deserunt', 'Ipsam eum consequatur vel architecto corporis perspiciatis ipsam. Eveniet natus rerum reiciendis quo unde nobis. Voluptatibus dolore voluptas qui consequatur aut voluptatem eum. Quo illo dolor harum ut ad accusantium. Quisquam aut ducimus voluptates.', 882, 4, 8, '2018-08-27 06:14:11', '2018-08-27 06:14:11'),
(67, 'magni', 'Vero officia voluptatem et iste error voluptatem non. Ea ut aspernatur nobis corrupti iste officiis eaque. Et atque aspernatur illo quas et tempora.', 585, 0, 22, '2018-08-27 06:14:11', '2018-08-27 06:14:11'),
(68, 'expedita', 'Ullam non reiciendis maiores nemo quo aut vel. Aut et earum nisi laborum odit. Eum et sint architecto nihil minus.', 101, 0, 20, '2018-08-27 06:14:11', '2018-08-27 06:14:11'),
(69, 'id', 'Libero molestias sequi id et distinctio omnis. Rem sed non tenetur dolorum. Sed quisquam amet libero laudantium voluptas animi similique. Eaque reiciendis earum architecto quis numquam. Officia labore repellendus cumque incidunt veritatis.', 286, 7, 3, '2018-08-27 06:14:11', '2018-08-27 06:14:11'),
(70, 'non', 'Quisquam cum mollitia ad consequatur numquam sed et sit. Omnis aut laborum dolore repellat officiis dolorum unde. Quae temporibus et soluta ut qui optio optio. Vero et rem saepe repudiandae officia.', 708, 2, 12, '2018-08-27 06:14:11', '2018-08-27 06:14:11'),
(71, 'occaecati', 'Pariatur voluptate maxime error molestiae dolores. Debitis culpa eum iusto. Qui consequatur cumque velit amet aut et.', 845, 3, 23, '2018-08-27 06:14:11', '2018-08-27 06:14:11'),
(72, 'velit', 'Est dolore velit aut qui voluptatum maxime fugiat. Commodi quaerat vel facilis voluptatem totam maxime odit. Commodi neque quidem fugit magnam minus officiis natus. Hic fugiat eum aut vel deleniti aliquid optio.', 302, 2, 16, '2018-08-27 06:14:11', '2018-08-27 06:14:11'),
(73, 'et', 'Quo deserunt est sint hic perferendis reiciendis. Accusantium est qui autem qui. Quia voluptates et debitis inventore non et ut. Voluptas vitae molestiae cum excepturi et quia. Nesciunt ullam eius veniam ipsum qui.', 159, 8, 26, '2018-08-27 06:14:11', '2018-08-27 06:14:11'),
(74, 'veritatis', 'Placeat suscipit deleniti sed quasi. Qui dolorem deserunt repellat enim. Non saepe repudiandae veritatis ipsam.', 279, 4, 26, '2018-08-27 06:14:11', '2018-08-27 06:14:11'),
(75, 'enim', 'Et et repellendus illo magni sed placeat. Voluptas tempora odio dignissimos minus. Dolorem est animi aut et molestiae alias cum. Eos repellat dolore facilis eos.', 724, 6, 9, '2018-08-27 06:14:11', '2018-08-27 06:14:11'),
(76, 'eum', 'Ipsa laboriosam eum consequatur sed voluptates quis. Qui commodi voluptatem nisi exercitationem minus velit. Deserunt illum perferendis voluptatibus voluptates et nulla optio. Aut sint dolor voluptatem similique porro ut. Ut beatae nisi quo recusandae harum aliquid voluptatem.', 944, 3, 18, '2018-08-27 06:14:12', '2018-08-27 06:14:12'),
(77, 'quis', 'Quos aut itaque dignissimos numquam incidunt voluptas. Et tempore delectus qui id delectus. Fugiat voluptas eos ut numquam inventore. Suscipit qui et qui id quasi dignissimos molestiae dicta.', 849, 4, 12, '2018-08-27 06:14:12', '2018-08-27 06:14:12'),
(78, 'cumque', 'Explicabo quisquam alias officiis et quos repellendus. Unde mollitia nesciunt ducimus sint aut. Cum tempore ab eveniet dolorum perferendis et minus.', 707, 0, 18, '2018-08-27 06:14:12', '2018-08-27 06:14:12'),
(79, 'ea', 'Exercitationem accusantium nesciunt atque aut autem. Saepe officia blanditiis autem. Distinctio velit ipsum repellat nihil. Quisquam atque commodi aut quos odit.', 730, 1, 8, '2018-08-27 06:14:12', '2018-08-27 06:14:12'),
(80, 'ut', 'Odit iusto totam nam necessitatibus ad est. Quis iste adipisci facere et eum. Est praesentium et aliquid sint quidem.', 571, 9, 19, '2018-08-27 06:14:12', '2018-08-27 06:14:12'),
(81, 'officiis', 'Velit et harum id alias ut eos et. Atque ad voluptatem ipsum cumque dolorem sint. Dolorem suscipit cum praesentium et rerum. Ratione dolores voluptatem architecto nam consequuntur eius.', 107, 0, 16, '2018-08-27 06:14:12', '2018-08-27 06:14:12'),
(82, 'est', 'Sed veniam molestiae et aut. Voluptatem dolores nisi omnis dolore eum nisi. Nobis nobis eaque fugiat numquam error.', 821, 1, 8, '2018-08-27 06:14:12', '2018-08-27 06:14:12'),
(83, 'qui', 'Ipsam libero aut omnis vero rerum qui reiciendis aspernatur. Doloremque qui sit occaecati voluptatem quisquam sit. Quia quibusdam sint non. Dolorum eum non perferendis sit aut necessitatibus excepturi.', 752, 1, 15, '2018-08-27 06:14:12', '2018-08-27 06:14:12'),
(84, 'a', 'Vel repellat libero quo dolor. Velit voluptatibus consequatur nemo quas vero temporibus nulla. A dolorem voluptatem repudiandae unde.', 608, 5, 10, '2018-08-27 06:14:12', '2018-08-27 06:14:12'),
(85, 'beatae', 'Odit sit culpa itaque iusto provident. Aspernatur numquam qui voluptatem qui sed. Animi impedit et alias voluptas error illum. Facere aliquam vitae voluptatum tempore qui laudantium voluptatem.', 947, 1, 13, '2018-08-27 06:14:12', '2018-08-27 06:14:12'),
(86, 'minima', 'Omnis dolor vel magnam saepe sed. Exercitationem harum fugiat qui sed repellat neque. Et voluptatem odio quia voluptas vel.', 751, 9, 12, '2018-08-27 06:14:12', '2018-08-27 06:14:12'),
(87, 'libero', 'Doloribus rerum totam quis. Fugiat deserunt repudiandae saepe non. Dolorum quis error id sit.', 755, 1, 20, '2018-08-27 06:14:12', '2018-08-27 06:14:12'),
(88, 'et', 'Maiores ipsa voluptatibus rerum autem totam eaque explicabo. Corporis atque veniam inventore harum earum aliquid corrupti. Explicabo doloribus et quo eos numquam. Quidem id nemo nemo ab eos.', 904, 9, 12, '2018-08-27 06:14:12', '2018-08-27 06:14:12'),
(89, 'et', 'Aut similique iste et culpa et vitae. Odio illo at eligendi aut quia aut. Sit perspiciatis odit labore iure autem. Assumenda itaque praesentium quas quia nesciunt tempora natus.', 424, 6, 26, '2018-08-27 06:14:12', '2018-08-27 06:14:12'),
(90, 'deleniti', 'Iure repellat officiis assumenda labore voluptate. Architecto qui quod non quidem omnis. Quasi quaerat perferendis qui dolore minima autem accusamus quisquam. Quis voluptate maiores pariatur est odit vel.', 649, 3, 14, '2018-08-27 06:14:12', '2018-08-27 06:14:12'),
(91, 'impedit', 'Quam et qui laudantium dolores. Tempore sed aut et et itaque quasi. Et ut rem quos dicta repellendus. Sit explicabo voluptatum non.', 342, 1, 23, '2018-08-27 06:14:12', '2018-08-27 06:14:12'),
(92, 'ullam', 'Enim atque quia et quidem. Corrupti dolorem atque odit facilis doloremque voluptatem. Et est in aut id est qui. Sed itaque enim quaerat est unde maxime eum.', 975, 2, 28, '2018-08-27 06:14:12', '2018-08-27 06:14:12'),
(93, 'est', 'Et quia impedit corrupti voluptatum aspernatur quia et sed. Molestiae odit culpa quia. Explicabo dolorum et voluptatum quo. Ea rerum quo rem sunt.', 530, 2, 29, '2018-08-27 06:14:12', '2018-08-27 06:14:12'),
(94, 'commodi', 'Est officiis qui nobis. Velit quos est molestiae. Autem et a ducimus omnis sequi. Eveniet autem quibusdam in.', 488, 5, 6, '2018-08-27 06:14:12', '2018-08-27 06:14:12'),
(95, 'in', 'Ut velit mollitia voluptate commodi tempore aut quia ut. Quas expedita nobis et modi animi. Facilis numquam molestiae aperiam et qui similique.', 217, 9, 19, '2018-08-27 06:14:12', '2018-08-27 06:14:12'),
(96, 'vitae', 'Voluptatem voluptate aut doloribus non hic aut. Dolore sed animi est aliquam mollitia iste. Et exercitationem molestias magni voluptas fugit deleniti.', 797, 1, 29, '2018-08-27 06:14:12', '2018-08-27 06:14:12'),
(97, 'officiis', 'Voluptatem est dignissimos consequatur eaque nam dicta nihil corrupti. Culpa facilis dolores consequatur esse. Ut omnis maiores et nam et necessitatibus non deserunt.', 674, 1, 7, '2018-08-27 06:14:12', '2018-08-27 06:14:12'),
(98, 'illum', 'Rerum expedita consequuntur quia omnis possimus accusamus nulla. Dolores illo facere atque est aut et. Tempora voluptatum veniam sunt incidunt adipisci quasi.', 611, 2, 14, '2018-08-27 06:14:12', '2018-08-27 06:14:12'),
(99, 'autem', 'Ut dolor culpa necessitatibus numquam qui et corrupti. Iste laborum facere minima consequatur fuga rerum. Voluptas ex molestiae nihil.', 183, 6, 6, '2018-08-27 06:14:12', '2018-08-27 06:14:12'),
(100, 'aut', 'Quam eligendi numquam doloribus cumque. Non est enim rerum nihil eius occaecati veritatis. Iusto et consectetur et. Est porro necessitatibus quis ad.', 912, 9, 17, '2018-08-27 06:14:13', '2018-08-27 06:14:13');

-- --------------------------------------------------------

--
-- Table structure for table `reviews`
--

CREATE TABLE `reviews` (
  `id` int(10) UNSIGNED NOT NULL,
  `product_id` int(10) UNSIGNED NOT NULL,
  `customer` varchar(191) COLLATE utf8mb4_unicode_ci NOT NULL,
  `review` text COLLATE utf8mb4_unicode_ci NOT NULL,
  `star` int(11) NOT NULL,
  `created_at` timestamp NULL DEFAULT NULL,
  `updated_at` timestamp NULL DEFAULT NULL
) ENGINE=InnoDB DEFAULT CHARSET=utf8mb4 COLLATE=utf8mb4_unicode_ci;

--
-- Dumping data for table `reviews`
--

INSERT INTO `reviews` (`id`, `product_id`, `customer`, `review`, `star`, `created_at`, `updated_at`) VALUES
(1, 92, 'Reymundo Spinka', 'Qui consequatur ut fugit ab omnis illum. Qui ullam voluptatem voluptate nesciunt temporibus ea. Perferendis sit placeat dolor aut dolores libero sit ut. Reprehenderit assumenda rerum tempore placeat sint.', 3, '2018-08-27 06:14:14', '2018-08-27 06:14:14'),
(2, 99, 'Mr. Louie Larson IV', 'Illo iste et quaerat quis ducimus veritatis. Debitis quia et officiis et ut. Maiores molestias excepturi id ipsum quis hic optio. Quos sint maiores voluptates qui beatae a ex.', 5, '2018-08-27 06:14:14', '2018-08-27 06:14:14'),
(3, 94, 'Coralie Borer', 'Quaerat repellendus nostrum qui eum voluptates dolore aut. Quaerat et reiciendis in. Soluta et nostrum recusandae blanditiis aut aperiam. Est dolorem voluptates iste. Vero ipsum ipsa consequatur iusto reiciendis nihil ducimus.', 5, '2018-08-27 06:14:14', '2018-08-27 06:14:14'),
(4, 96, 'Miss Rowena Romaguera II', 'Ea nihil dolorum numquam sapiente quisquam sunt consequatur aliquam. Omnis expedita et est iste modi molestiae. Vero aut eligendi architecto libero. Et id dolorum perspiciatis harum voluptatem alias.', 0, '2018-08-27 06:14:14', '2018-08-27 06:14:14'),
(5, 95, 'Hannah West Jr.', 'Totam reiciendis eum ad beatae odio. Laboriosam quia tempore assumenda inventore exercitationem ab. Assumenda suscipit rerum rerum officia laboriosam.', 1, '2018-08-27 06:14:14', '2018-08-27 06:14:14'),
(6, 79, 'Dr. Sadye Leffler DVM', 'Perferendis quod accusamus earum voluptatum omnis vero nihil. Beatae perferendis voluptas nam distinctio eveniet ut est. Rem minus sunt aliquam.', 0, '2018-08-27 06:14:14', '2018-08-27 06:14:14'),
(7, 64, 'Marcelina Lockman', 'Quis aut quae eligendi dolores nihil. Est commodi saepe aut debitis ab impedit. Alias mollitia ut ipsum ea repellat eveniet aliquam.', 0, '2018-08-27 06:14:14', '2018-08-27 06:14:14'),
(8, 58, 'Reyes Gutmann', 'Sit placeat ducimus quia consequatur sed. Ea impedit autem aliquam itaque. Odio saepe quisquam qui a eos sunt sit. Velit ullam reprehenderit voluptas libero.', 5, '2018-08-27 06:14:14', '2018-08-27 06:14:14'),
(9, 83, 'Dr. Pete Walter DDS', 'Doloribus et sunt omnis qui. Sit voluptatem culpa rem sit qui voluptatem tempora.', 1, '2018-08-27 06:14:14', '2018-08-27 06:14:14'),
(10, 60, 'Zelma Cremin III', 'Est necessitatibus iusto quibusdam quaerat nam. Culpa eaque ut sit error corporis quae quo. Sunt quis sapiente optio nihil aut. Et iusto voluptas vel rerum itaque ea qui.', 3, '2018-08-27 06:14:14', '2018-08-27 06:14:14'),
(11, 90, 'Trace Quitzon', 'Blanditiis eos voluptatibus magnam laboriosam dolor architecto. Excepturi ratione officiis ab dignissimos placeat quia maxime. Saepe culpa veniam aut earum corrupti vitae magni. Qui est quia exercitationem quia.', 4, '2018-08-27 06:14:14', '2018-08-27 06:14:14'),
(12, 83, 'Shawn Kerluke', 'Temporibus dolore et et quaerat quia officia. Est et aut magni. Facere distinctio aperiam nemo omnis sit maxime rerum iure. Molestiae tempore tempora molestiae.', 4, '2018-08-27 06:14:14', '2018-08-27 06:14:14'),
(13, 87, 'Dr. Xander O\'Conner', 'In soluta facere aut fuga corrupti facere amet. Numquam quo quas voluptates quam ipsum. Incidunt occaecati ex laboriosam sunt fuga.', 4, '2018-08-27 06:14:14', '2018-08-27 06:14:14'),
(14, 66, 'Pauline Konopelski', 'Inventore iusto suscipit fugiat veniam eligendi occaecati non. Dolorem laboriosam sed libero cumque accusamus et maxime. Asperiores labore dolor necessitatibus et.', 3, '2018-08-27 06:14:14', '2018-08-27 06:14:14'),
(15, 70, 'Dean Rice', 'Natus inventore aut repudiandae. Deserunt animi facilis vero voluptatem explicabo.', 0, '2018-08-27 06:14:14', '2018-08-27 06:14:14'),
(16, 65, 'Veda Brekke', 'Placeat voluptatibus expedita suscipit. Magni corporis et voluptas. Placeat ad occaecati nisi. Magni iste velit perspiciatis possimus recusandae.', 5, '2018-08-27 06:14:14', '2018-08-27 06:14:14'),
(17, 100, 'Alia Ziemann', 'Voluptatem voluptas et sed id velit. Eligendi sed aut ipsam qui. Perferendis modi aperiam vitae ex aut vitae autem. Corporis eos deserunt tempore ab.', 3, '2018-08-27 06:14:14', '2018-08-27 06:14:14'),
(18, 97, 'Lori Kiehn', 'Nobis voluptatibus consequatur est eos. Ratione sed consequatur velit voluptatem doloremque et. Ratione molestias porro beatae dolore voluptas. Earum voluptatem et esse facere voluptatem dolores. Molestias enim reiciendis ut.', 4, '2018-08-27 06:14:15', '2018-08-27 06:14:15'),
(19, 90, 'Amari Erdman', 'Qui quis rerum sit sit ut. Doloremque quia molestias molestiae dolorem. Dolorum commodi quibusdam eum incidunt nisi placeat.', 1, '2018-08-27 06:14:15', '2018-08-27 06:14:15'),
(20, 79, 'Valerie McGlynn', 'Voluptatem suscipit ut qui officia qui minima et. Nihil qui consequuntur optio voluptatem aut id commodi. Quos ut nulla necessitatibus neque et dolorum. Commodi velit officiis itaque culpa sed id.', 5, '2018-08-27 06:14:15', '2018-08-27 06:14:15'),
(21, 72, 'Bret Hermiston', 'Et quia commodi qui suscipit eligendi illum. Molestiae accusamus temporibus cupiditate quaerat alias id.', 4, '2018-08-27 06:14:15', '2018-08-27 06:14:15'),
(22, 90, 'Layla Weimann', 'Quisquam dicta quis quibusdam quibusdam possimus. Voluptatum nesciunt sapiente consequatur atque qui quae qui. Sit nemo quia quisquam laboriosam expedita dolore eos.', 1, '2018-08-27 06:14:15', '2018-08-27 06:14:15'),
(23, 96, 'Miss Abagail Metz', 'Voluptate a ut facere voluptatum. Minima a cupiditate aliquam ea voluptas doloribus nobis accusamus. Qui quas aliquid ratione dicta non possimus tenetur.', 4, '2018-08-27 06:14:15', '2018-08-27 06:14:15'),
(24, 65, 'Harrison Turner', 'Ipsum dolorum soluta esse ut. Quis debitis dolorem consequatur quia nisi reprehenderit. Est vero esse provident quasi nesciunt.', 5, '2018-08-27 06:14:15', '2018-08-27 06:14:15'),
(25, 87, 'Tyra Murazik', 'Accusantium aliquid natus voluptatum ipsum. Delectus aperiam quod debitis nostrum reiciendis voluptates. Consequuntur itaque in architecto vitae soluta.', 3, '2018-08-27 06:14:15', '2018-08-27 06:14:15'),
(26, 57, 'Lora Dare', 'Non debitis vel quidem fugiat omnis tempore et. Animi veritatis eum est. Rerum non maiores esse.', 5, '2018-08-27 06:14:15', '2018-08-27 06:14:15'),
(27, 87, 'Winifred Lemke', 'Et harum odio possimus sit corrupti. Voluptate explicabo facere incidunt soluta dolor quia. Quidem sunt et qui corporis ut tempore.', 5, '2018-08-27 06:14:15', '2018-08-27 06:14:15'),
(28, 59, 'Anne Kuhlman', 'Vel quam porro dolores et vel alias adipisci reiciendis. Ipsum sit accusantium similique voluptates maiores molestias. Consequatur et aliquid odio nihil fuga.', 2, '2018-08-27 06:14:15', '2018-08-27 06:14:15'),
(29, 88, 'Dr. Colton Mann', 'Eos consequatur inventore nihil harum nostrum tempore. Quia saepe est dolorum provident nobis asperiores sequi. Et culpa odit aut et rerum deserunt mollitia. Sint dolorem nam eius ut repudiandae nulla omnis.', 3, '2018-08-27 06:14:15', '2018-08-27 06:14:15'),
(30, 97, 'Prof. Emil Conroy', 'Illo dolores iusto quis distinctio. Atque atque repudiandae voluptatum quas et eos. Iste consectetur voluptatum commodi et ad id accusamus. Voluptates amet consequatur dolor nostrum velit.', 1, '2018-08-27 06:14:15', '2018-08-27 06:14:15'),
(31, 95, 'Mrs. Kimberly Feeney III', 'Sint odit architecto id. Ducimus beatae quae quam et. Animi id repellat ducimus repudiandae tempora cum.', 3, '2018-08-27 06:14:15', '2018-08-27 06:14:15'),
(32, 55, 'Mrs. Thora Friesen Jr.', 'Rerum reprehenderit autem in voluptatem. Voluptas sapiente ea et cum fugit. Aut voluptas exercitationem occaecati iusto et et eos.', 0, '2018-08-27 06:14:15', '2018-08-27 06:14:15'),
(33, 90, 'Elliott Homenick', 'Labore ut error hic dignissimos unde soluta. Esse deserunt aperiam est quia expedita cumque minus est. Dolor et nulla nulla qui non temporibus harum. Nemo vero praesentium aut maxime et.', 5, '2018-08-27 06:14:15', '2018-08-27 06:14:15'),
(34, 76, 'Steve Kulas', 'Aut expedita minus quos sequi vel qui ipsum. Voluptatibus cum aut perferendis molestiae. Et quidem ut alias fugit et accusamus aut. Non laborum provident ab vitae occaecati numquam.', 5, '2018-08-27 06:14:15', '2018-08-27 06:14:15'),
(35, 55, 'Jazmyn Bartoletti', 'Tempore exercitationem porro sequi nam et officia officia. Est deserunt unde natus veniam odio nihil illo.', 5, '2018-08-27 06:14:15', '2018-08-27 06:14:15'),
(36, 77, 'Felicity Tremblay', 'Dicta quos quas ipsa non consequatur. Corrupti ipsam eos aliquam ea. Impedit et sint aut quae ea.', 1, '2018-08-27 06:14:15', '2018-08-27 06:14:15'),
(37, 60, 'Kaelyn Larkin', 'Animi eaque voluptatibus enim repellendus. Earum neque repellendus voluptatibus beatae pariatur eveniet et. Ea quia hic eligendi quia est. Aperiam sunt numquam quaerat qui.', 0, '2018-08-27 06:14:15', '2018-08-27 06:14:15'),
(38, 95, 'Ocie Conroy', 'Eveniet magni magnam veritatis soluta dolorem animi reiciendis. Ut delectus possimus quasi aliquid veniam nihil. Ipsa magni laborum et quo corrupti asperiores.', 4, '2018-08-27 06:14:15', '2018-08-27 06:14:15'),
(39, 87, 'Lamar Beer', 'Aut et ut ipsam voluptatem dolor minima. Qui quia qui ab ipsam incidunt aut.', 4, '2018-08-27 06:14:15', '2018-08-27 06:14:15'),
(40, 76, 'Prof. Ezequiel Kovacek MD', 'Accusamus repellat pariatur eius et. Dolorum tempora vel magni facere magnam nostrum sit. Quaerat nam vel rerum molestias sequi perspiciatis.', 1, '2018-08-27 06:14:15', '2018-08-27 06:14:15'),
(41, 86, 'Mohammad Lubowitz III', 'Velit aperiam dolores quos aut quia aut sed. Est molestias dolorem eum qui et. Dignissimos molestiae at voluptatem voluptatem. Voluptas quisquam est alias ea ut est.', 1, '2018-08-27 06:14:15', '2018-08-27 06:14:15'),
(42, 82, 'Sofia Stroman', 'Occaecati vitae porro voluptatibus quaerat aut eaque et quod. Quia in saepe quas ut qui voluptatibus sit. Omnis doloremque quod dolores et. Itaque laborum ut illum maiores inventore.', 5, '2018-08-27 06:14:15', '2018-08-27 06:14:15'),
(43, 79, 'Prof. Jalen Ward', 'Iste aut et porro unde aliquid sint ab. Dolor et at omnis soluta. Earum dolorum debitis facere optio consequuntur. Ea perferendis cum eum. Et non est expedita voluptatem autem facere ipsum dolor.', 2, '2018-08-27 06:14:15', '2018-08-27 06:14:15'),
(44, 72, 'Gladyce Renner', 'Velit dolores possimus ex consequatur totam laudantium iure. Accusantium facere delectus enim aut placeat. Vitae aspernatur exercitationem commodi veniam ut qui.', 4, '2018-08-27 06:14:15', '2018-08-27 06:14:15'),
(45, 87, 'Willa Blanda II', 'Fuga aut neque sed quo eius et beatae reprehenderit. Quas dolorum excepturi sunt nam aliquid. Rerum sit nemo recusandae sed consequatur sit qui. Accusantium dolor cupiditate quis cum et aliquam illum.', 0, '2018-08-27 06:14:16', '2018-08-27 06:14:16'),
(46, 100, 'Elena Okuneva IV', 'Sit rem vel qui non nihil repellendus. Expedita aut omnis laboriosam quos cupiditate nisi sequi explicabo. Quia consequatur error expedita fuga occaecati consequatur eveniet est.', 2, '2018-08-27 06:14:16', '2018-08-27 06:14:16'),
(47, 81, 'Donavon Walker Sr.', 'Quam et quis quia ab. Quas consequatur ea tenetur ipsa laborum. Est consequatur dolore eveniet ab est voluptas dolorem. Cum beatae et explicabo beatae.', 0, '2018-08-27 06:14:16', '2018-08-27 06:14:16'),
(48, 76, 'Myra Reichert', 'Quod non omnis sed ut. Voluptas adipisci et sunt suscipit nesciunt. Dignissimos at reiciendis voluptatem reprehenderit reiciendis. Quibusdam ut nostrum magnam qui.', 1, '2018-08-27 06:14:16', '2018-08-27 06:14:16'),
(49, 80, 'Dr. Merl Mosciski', 'Aut suscipit recusandae voluptas iste autem dolorem numquam. Tempore rerum modi vitae cum nam qui aperiam. Aut eos non omnis repellendus.', 0, '2018-08-27 06:14:16', '2018-08-27 06:14:16'),
(50, 81, 'Anna Donnelly', 'Aut iste aut fugit id. Aspernatur distinctio repellat aut sint ducimus. Aliquid voluptate voluptas quia cupiditate. Qui voluptatem sit vel optio qui nobis libero.', 0, '2018-08-27 06:14:16', '2018-08-27 06:14:16'),
(51, 84, 'Stephon Connelly', 'Explicabo recusandae et esse laudantium ut occaecati. Eos numquam autem voluptas ab et. Deserunt omnis maxime consequuntur quo. Eum commodi similique magnam recusandae expedita.', 5, '2018-08-27 06:14:16', '2018-08-27 06:14:16'),
(52, 55, 'Dr. Misael Roob', 'Aut quo sunt voluptatem commodi. Vel non sed autem perferendis eaque eos numquam. Blanditiis perspiciatis quasi sunt laboriosam et. Earum reiciendis praesentium ut in iste et iusto quam.', 2, '2018-08-27 06:14:16', '2018-08-27 06:14:16'),
(53, 99, 'Lavonne Gorczany I', 'Et magnam omnis accusantium. Ut enim sed illo dignissimos vel. Asperiores enim nihil similique. Et quis accusamus nam rerum maiores voluptatem recusandae veritatis.', 4, '2018-08-27 06:14:16', '2018-08-27 06:14:16'),
(54, 91, 'Skylar Zulauf', 'Sed sit quo quas incidunt. Non et iusto ex quaerat mollitia. Et exercitationem quia asperiores similique.', 0, '2018-08-27 06:14:16', '2018-08-27 06:14:16'),
(55, 72, 'Tiffany Lang', 'Officia ex ad odio in voluptate dolor in. Quis dolor ab sunt amet minima. Reiciendis a laboriosam dicta et aut necessitatibus quis. Ab voluptas porro eaque harum at. Molestiae eaque tempore velit laboriosam in.', 2, '2018-08-27 06:14:16', '2018-08-27 06:14:16'),
(56, 57, 'Zula Bode', 'Animi rerum ut necessitatibus culpa qui magni. Itaque excepturi ex vero odio quia. Nemo consequatur ut distinctio officiis minima. Distinctio non laudantium explicabo consequatur quae repellat natus facere.', 0, '2018-08-27 06:14:16', '2018-08-27 06:14:16'),
(57, 60, 'Hugh O\'Keefe', 'Inventore voluptatem libero ad ab aut magni sunt. Nobis earum aliquam officiis deserunt officia omnis. Odio aut quas ratione ab.', 5, '2018-08-27 06:14:16', '2018-08-27 06:14:16'),
(58, 77, 'Arnoldo Harvey', 'Earum natus quia possimus nihil dicta. At sapiente ipsa corporis quia eaque ut. Qui iusto atque aut omnis enim fuga. Eos sit quae eius recusandae officiis deserunt saepe.', 4, '2018-08-27 06:14:16', '2018-08-27 06:14:16'),
(59, 70, 'Johan McDermott', 'Alias quis repudiandae consequatur pariatur perferendis. Hic illum possimus eaque sequi inventore id in ut. Fugiat eaque blanditiis totam sunt omnis expedita est. Iure odio minus impedit quos repellat voluptatum excepturi est.', 4, '2018-08-27 06:14:16', '2018-08-27 06:14:16'),
(60, 58, 'Bertha Gerhold', 'Id delectus facere voluptatem praesentium. Et qui ipsum et dolor sint numquam. Natus labore alias similique quo dolores natus. Et accusantium ipsa reiciendis accusamus.', 0, '2018-08-27 06:14:16', '2018-08-27 06:14:16'),
(61, 87, 'Jonathon Jacobs', 'Odio voluptatem quas nobis perspiciatis autem quo. Nesciunt cupiditate exercitationem suscipit et sit maxime voluptas ut. Nihil quia numquam impedit inventore.', 3, '2018-08-27 06:14:16', '2018-08-27 06:14:16'),
(62, 96, 'Mafalda Ondricka', 'Excepturi voluptate a voluptatem corporis vitae in sequi. Sit neque ipsam omnis nobis. Porro est adipisci rerum ut eos fuga labore. Velit et non aut.', 1, '2018-08-27 06:14:16', '2018-08-27 06:14:16'),
(63, 79, 'Mrs. Luisa Miller IV', 'Dolor ratione quia corporis ut. Voluptate minima qui voluptatibus incidunt saepe et tenetur. Eaque perferendis veniam a sint. Quos dolorum dolor possimus ipsum sunt.', 3, '2018-08-27 06:14:16', '2018-08-27 06:14:16'),
(64, 55, 'Dr. Caroline Skiles I', 'Ex ipsa vero perspiciatis eos. At aut fugit quidem. Facilis ad sit iure reprehenderit. Quidem rerum non deserunt nihil excepturi.', 1, '2018-08-27 06:14:16', '2018-08-27 06:14:16'),
(65, 57, 'Ryley Williamson', 'Omnis at harum sed quisquam molestiae provident. Consequatur recusandae dolorem dolorem ut illum. Aliquam officia veritatis blanditiis eos maxime ratione. Dolorum amet nobis sit porro ipsum deserunt eligendi.', 2, '2018-08-27 06:14:16', '2018-08-27 06:14:16'),
(66, 93, 'Gregorio Herzog', 'Rerum dolor dolor blanditiis esse error voluptas inventore. Odit repellendus praesentium corrupti non. Sit totam rerum et qui et alias.', 0, '2018-08-27 06:14:16', '2018-08-27 06:14:16'),
(67, 73, 'Holly Boyle', 'Quia et incidunt dolor. Omnis enim quia adipisci. Vel laudantium tempore deleniti veritatis accusamus. Omnis porro sint quos dolorem sit voluptatibus magni.', 2, '2018-08-27 06:14:16', '2018-08-27 06:14:16'),
(68, 61, 'Tyrese Ritchie', 'Magnam autem nam nihil quis esse commodi. Autem tempore sed deleniti expedita accusamus iure nesciunt sit. At rem expedita sapiente aliquid officia vero.', 5, '2018-08-27 06:14:16', '2018-08-27 06:14:16'),
(69, 97, 'Abby Cole', 'Magnam quae est reiciendis nulla aperiam facilis necessitatibus. Et ratione similique quis qui voluptatem quae quaerat. Ipsa repellat omnis dolores ducimus ex vel.', 1, '2018-08-27 06:14:16', '2018-08-27 06:14:16'),
(70, 74, 'Miss Kelly Morissette MD', 'Sunt impedit ab non et magni rerum quod. Quis facilis autem sint iure voluptatem velit eligendi. Dolorem quia minima culpa commodi possimus.', 5, '2018-08-27 06:14:16', '2018-08-27 06:14:16'),
(71, 95, 'Randall VonRueden', 'Qui aliquid ipsa qui sapiente eum. Autem provident voluptatem sunt et. Molestias odio occaecati ab incidunt.', 3, '2018-08-27 06:14:16', '2018-08-27 06:14:16'),
(72, 65, 'Mr. Florencio Schinner', 'Dolores ea ut odit fuga minima. Autem ipsam iste cupiditate. Magnam occaecati iure qui. Illo laudantium qui repellendus molestiae quidem a.', 0, '2018-08-27 06:14:16', '2018-08-27 06:14:16'),
(73, 53, 'Vito Bosco', 'Dolores esse minima porro. Voluptatem voluptate impedit occaecati vitae iste esse quod. Omnis impedit rem velit illum autem qui vero.', 0, '2018-08-27 06:14:17', '2018-08-27 06:14:17'),
(74, 88, 'Dr. Peyton Bailey', 'Porro maxime id dolorem ex. Temporibus et ipsa ipsam dignissimos consequatur dolores. Itaque veniam esse beatae autem consequatur numquam.', 0, '2018-08-27 06:14:17', '2018-08-27 06:14:17'),
(75, 65, 'Mariela Hauck', 'Dignissimos et velit adipisci non. Inventore ut commodi qui illum ipsam ut. Ab omnis molestias magni voluptatibus ut repellat rerum.', 3, '2018-08-27 06:14:17', '2018-08-27 06:14:17'),
(76, 83, 'Arianna Kautzer', 'Ullam ut ipsum eos dolores. Voluptas laboriosam sed sequi nesciunt neque voluptates unde. Sint exercitationem et mollitia laborum adipisci. Quae ab non quasi labore a est.', 3, '2018-08-27 06:14:17', '2018-08-27 06:14:17'),
(77, 69, 'Prof. Gavin Homenick', 'Dolorum quisquam facilis hic veniam. Reiciendis hic neque tempora quis in. Aut sunt porro quidem.', 2, '2018-08-27 06:14:17', '2018-08-27 06:14:17'),
(78, 65, 'Mrs. Angelica Lynch', 'Debitis autem voluptate cum dolorem. Nemo nulla qui consequatur voluptatem. Velit accusamus autem itaque fuga optio ea. Odio explicabo nam exercitationem deleniti eligendi quia modi doloremque.', 4, '2018-08-27 06:14:17', '2018-08-27 06:14:17'),
(79, 77, 'Janis Labadie', 'Sapiente et eius est enim quia quod. Minima occaecati voluptate culpa voluptas molestias. Voluptate odio sapiente vero.', 5, '2018-08-27 06:14:17', '2018-08-27 06:14:17'),
(80, 81, 'Rosemary Mayer', 'Quaerat natus qui illo provident. Beatae illo in esse culpa repudiandae rerum ipsum reiciendis.', 0, '2018-08-27 06:14:17', '2018-08-27 06:14:17'),
(81, 70, 'Mr. Cordelia Lubowitz IV', 'Molestias culpa velit minus deserunt vitae ex officia sequi. Asperiores delectus pariatur explicabo molestiae dolores dolorum. Et provident aperiam aut esse officia officiis inventore blanditiis.', 5, '2018-08-27 06:14:17', '2018-08-27 06:14:17'),
(82, 61, 'Prof. Cecilia Wuckert V', 'Et laudantium ut asperiores rerum ut. Consequuntur molestiae voluptatem soluta occaecati. Quis dolorem possimus laudantium.', 3, '2018-08-27 06:14:17', '2018-08-27 06:14:17'),
(83, 94, 'Eryn Kunde', 'Mollitia nihil quos itaque repellendus magni ipsa autem. Eos sunt praesentium dolorem. Et fugit dolorem aut enim. Sed voluptas doloribus adipisci in.', 2, '2018-08-27 06:14:17', '2018-08-27 06:14:17'),
(84, 59, 'Jamey Bruen', 'Assumenda sint labore sed voluptatem. Dolorem quisquam debitis quam nemo quo. Aliquid et ea est quo nihil ipsum sunt.', 5, '2018-08-27 06:14:17', '2018-08-27 06:14:17'),
(85, 99, 'Casey Hessel', 'Itaque ut sed ut expedita animi. Aut in ipsa quos aliquam enim. Doloribus odit dignissimos perferendis natus inventore est ullam.', 5, '2018-08-27 06:14:17', '2018-08-27 06:14:17'),
(86, 79, 'Prof. Dewayne Huels Sr.', 'Necessitatibus ipsa exercitationem blanditiis voluptate veritatis aliquam. Aliquid aut minima et molestias eius. Eveniet ullam odio corrupti dolorem ex earum fuga vitae. Molestias harum voluptatem dolor nobis. Et aut iusto officia amet et.', 2, '2018-08-27 06:14:17', '2018-08-27 06:14:17'),
(87, 100, 'Mikayla Watsica', 'Voluptatem voluptatem aut vero quidem. Dignissimos tempore aspernatur at nesciunt doloribus similique vitae quod. Necessitatibus sit et animi odit dolore ut maiores. Animi molestiae reprehenderit sit distinctio sint.', 3, '2018-08-27 06:14:17', '2018-08-27 06:14:17'),
(88, 68, 'Dr. Valentin Considine', 'Unde dolor adipisci officia dolores illum sit. Ut quos laboriosam hic rerum aut. Rerum provident maiores perferendis ipsum. Enim non accusamus neque id accusantium quas pariatur.', 1, '2018-08-27 06:14:17', '2018-08-27 06:14:17'),
(89, 56, 'Angelita Walter', 'Molestiae accusantium exercitationem rem. Ducimus iste itaque quas quaerat molestiae earum corporis. Quia quia ratione expedita architecto. Autem voluptas id totam et.', 4, '2018-08-27 06:14:17', '2018-08-27 06:14:17'),
(90, 89, 'Annamarie Kerluke', 'Voluptates blanditiis cum rerum molestiae. Repellendus perferendis ut sunt voluptatum. Autem veritatis laudantium consequatur itaque praesentium eum consequuntur. Consequuntur eos tempore repellendus aut modi non ullam.', 5, '2018-08-27 06:14:17', '2018-08-27 06:14:17'),
(91, 95, 'Miss Rubie Wilkinson V', 'Sint quae vero suscipit debitis. Quis qui expedita occaecati rem est accusamus. Id voluptatum rerum enim reiciendis cum quasi rerum. Corporis nesciunt laborum vero aliquid aperiam. Est ab ab odio aut.', 1, '2018-08-27 06:14:17', '2018-08-27 06:14:17'),
(92, 94, 'Ezequiel Weber IV', 'Voluptatem non animi maxime voluptatem fuga explicabo. Minus et labore qui voluptatem iusto modi in. Cupiditate corporis tempore repellat rem et architecto.', 5, '2018-08-27 06:14:17', '2018-08-27 06:14:17'),
(93, 75, 'Prof. Zander Cartwright PhD', 'Eius rerum perferendis eos illum quae eligendi est ducimus. Aliquid quia sit quia labore eos et sed. Nisi autem ullam at totam non. Ea ipsum est voluptas veniam harum rem et.', 4, '2018-08-27 06:14:17', '2018-08-27 06:14:17'),
(94, 51, 'Kip Block', 'Fugiat temporibus nemo in nostrum aliquid dolor quia. Et et voluptatem reiciendis voluptatem rem iure voluptatem. Velit ex unde molestiae minus. Alias dolorem corporis sequi veniam nulla voluptate.', 0, '2018-08-27 06:14:17', '2018-08-27 06:14:17'),
(95, 84, 'Lowell Hamill', 'Vel aut quod maxime aspernatur dolorem consequuntur. Rerum ex culpa delectus illo incidunt ut nostrum et. Magni placeat repellendus ad occaecati deleniti ea nostrum. Recusandae aut quia sit distinctio est aut. Aut optio esse sed nam.', 0, '2018-08-27 06:14:17', '2018-08-27 06:14:17'),
(96, 68, 'Velma Auer', 'Et sed dicta sunt voluptas ab ut ipsam. Quod quae magnam cumque accusamus ipsam veritatis rerum. Earum autem iusto laudantium aliquam ea veritatis possimus. Quam aut perferendis sunt exercitationem ratione.', 2, '2018-08-27 06:14:17', '2018-08-27 06:14:17'),
(97, 84, 'Jamar Harris II', 'Dolore totam magni sit nostrum. Aspernatur eum pariatur fugiat esse natus qui. Repellat optio soluta et qui fuga aut labore.', 1, '2018-08-27 06:14:17', '2018-08-27 06:14:17'),
(98, 84, 'Ms. Meda Miller', 'Minima exercitationem quod asperiores iusto. Molestiae fugit ipsum soluta illum. Eos dolorum nihil neque voluptatum. Modi doloremque omnis cumque. Saepe ipsa porro veniam temporibus maiores.', 3, '2018-08-27 06:14:17', '2018-08-27 06:14:17'),
(99, 92, 'Pablo Ward', 'Voluptas corporis dolorem ipsum unde fugit velit rerum ut. Ipsa fugit dolorem ratione. Ut quia cupiditate est. Deleniti omnis iusto quam cum et tenetur tempora.', 4, '2018-08-27 06:14:17', '2018-08-27 06:14:17'),
(100, 53, 'Baby Rau', 'Iste quia totam optio odio expedita veniam facere. Ratione quibusdam quas totam deserunt et atque libero quia. Est et ex est illum illum.', 0, '2018-08-27 06:14:17', '2018-08-27 06:14:17'),
(101, 85, 'Denis Marvin', 'Possimus quia possimus aut amet voluptas suscipit. Corrupti distinctio molestias quis dolor tenetur. Aspernatur saepe iusto tenetur in qui. Nostrum debitis ut omnis earum quisquam reiciendis.', 5, '2018-08-27 06:14:17', '2018-08-27 06:14:17'),
(102, 94, 'Jodie Krajcik', 'Sint culpa sint et perferendis earum labore. Explicabo magnam et aliquam saepe tempore accusamus. Velit voluptatem ipsam distinctio consequuntur placeat quod quam. Sit dolorem libero aut voluptas laudantium dolorem.', 2, '2018-08-27 06:14:18', '2018-08-27 06:14:18'),
(103, 83, 'Rubye Conn', 'Est nemo voluptas pariatur ratione quia consequatur rerum nobis. Amet qui quaerat esse qui consequuntur. Error maxime consequuntur velit explicabo.', 5, '2018-08-27 06:14:18', '2018-08-27 06:14:18'),
(104, 58, 'Leopoldo Kunde', 'Corrupti ab odit qui. Illum ut reiciendis est incidunt eaque reiciendis deleniti soluta.', 5, '2018-08-27 06:14:18', '2018-08-27 06:14:18'),
(105, 71, 'Abigail Herzog', 'Qui iure delectus laborum labore aliquam. Quo rerum nemo dolore qui sed quod earum. Ipsam quibusdam beatae ipsum. Expedita est itaque occaecati voluptatem labore.', 1, '2018-08-27 06:14:18', '2018-08-27 06:14:18'),
(106, 72, 'Tessie Yost III', 'Ut enim maiores consequuntur quibusdam omnis facere consequatur accusamus. Rerum eius harum quibusdam. Velit fugiat velit odit. Porro odit ut optio ut officiis. Quisquam ratione delectus rerum voluptatem aut aperiam.', 1, '2018-08-27 06:14:18', '2018-08-27 06:14:18'),
(107, 86, 'Vaughn Champlin', 'Culpa voluptatem et facilis sed ut delectus. Nihil nihil quo est ducimus explicabo. Adipisci quam occaecati reiciendis ex reprehenderit. Praesentium eos ut aut praesentium officiis. Quasi est et vitae ut.', 3, '2018-08-27 06:14:18', '2018-08-27 06:14:18'),
(108, 74, 'Mr. Roel Franecki PhD', 'Sed ut asperiores est provident. Impedit ab voluptate minus aut minus. Nam officiis aut odit dolorum quia eligendi. Non sed nulla laudantium suscipit ut sit.', 2, '2018-08-27 06:14:18', '2018-08-27 06:14:18'),
(109, 71, 'Dr. Emmalee Tromp', 'Quae quas eaque nisi facilis. Pariatur quisquam quaerat autem. Eum labore saepe quos cumque non occaecati. Dolorem maiores dolorem et.', 1, '2018-08-27 06:14:18', '2018-08-27 06:14:18'),
(110, 93, 'Kimberly Schimmel IV', 'Fuga officiis sed aut quod beatae. Officia alias iure et cupiditate dolore enim perferendis dolor. Aut qui perferendis aut qui. Et enim consequatur quia labore assumenda.', 1, '2018-08-27 06:14:18', '2018-08-27 06:14:18'),
(111, 96, 'Hailee Jacobson III', 'Tempora velit vero repellendus est id quis. Sed ut est quasi quibusdam velit quia. Omnis sapiente rerum saepe voluptates nobis consequatur maiores.', 0, '2018-08-27 06:14:18', '2018-08-27 06:14:18'),
(112, 75, 'Elaina Roob', 'Praesentium ut sapiente eos enim ipsa cupiditate doloremque. Et nihil illum fugiat quis voluptas assumenda numquam velit. Unde est rerum veniam officiis.', 0, '2018-08-27 06:14:18', '2018-08-27 06:14:18'),
(113, 85, 'Rocio Dietrich DDS', 'Accusantium asperiores eos quisquam amet ut at harum. Impedit facere dolor alias pariatur velit. Quia odit perferendis voluptas occaecati.', 4, '2018-08-27 06:14:18', '2018-08-27 06:14:18'),
(114, 55, 'Dr. Patrick Stamm III', 'Laborum fuga maiores quis modi voluptates eligendi. Eius sed sapiente reprehenderit in. Consequatur qui voluptas in qui corrupti laudantium fugiat. Aut doloribus iusto ut officia. Fugit voluptatem qui animi aut illo.', 5, '2018-08-27 06:14:18', '2018-08-27 06:14:18'),
(115, 97, 'Miss Vincenza Jaskolski II', 'Consectetur quia repellendus dolorem minus qui. Enim necessitatibus sit inventore quia. Enim rem aspernatur magni corrupti accusamus ullam.', 5, '2018-08-27 06:14:18', '2018-08-27 06:14:18'),
(116, 90, 'Eve Haag', 'Odio aut repudiandae at magnam minima ut eos fuga. Harum id excepturi nostrum quas consequatur aut culpa. Veniam natus praesentium quaerat ullam et accusantium velit.', 0, '2018-08-27 06:14:18', '2018-08-27 06:14:18'),
(117, 76, 'Dee Fritsch', 'Officia accusantium sunt quia nihil non repellat excepturi. Est atque sequi exercitationem et quis porro. Optio ab natus quasi. Dicta quod velit laudantium non voluptatem.', 1, '2018-08-27 06:14:18', '2018-08-27 06:14:18'),
(118, 84, 'Jarret Muller', 'Suscipit natus doloribus et rerum. In deleniti excepturi vel non. Repudiandae assumenda qui eaque quod qui. Fugit blanditiis est ea est autem at.', 5, '2018-08-27 06:14:18', '2018-08-27 06:14:18'),
(119, 62, 'Nathanial Kohler', 'Eaque aut dolores quia iste aperiam aut. Harum reprehenderit minima et totam error atque sed. Saepe dolores eum eum rerum perferendis voluptas. Laudantium fuga omnis totam error dolor modi.', 5, '2018-08-27 06:14:18', '2018-08-27 06:14:18'),
(120, 93, 'Prof. Violette Reinger MD', 'Neque ullam quasi rerum saepe consequatur quia. Minus itaque quia temporibus dignissimos sit et. In incidunt quibusdam sunt et. Similique odit exercitationem dolor magni culpa recusandae eligendi fugiat.', 3, '2018-08-27 06:14:18', '2018-08-27 06:14:18'),
(121, 96, 'Sammy Fahey', 'Ut eius hic qui ipsa quae sed. Quam dolores quas consequuntur saepe dolores eum. Unde sapiente itaque voluptatem omnis temporibus.', 4, '2018-08-27 06:14:18', '2018-08-27 06:14:18'),
(122, 73, 'Clarissa Schultz', 'Tenetur quas nostrum harum et sed voluptatem consequuntur. Quia praesentium nam nisi et. Autem rerum error eum sed vero est. Deserunt nesciunt magnam voluptatem omnis ullam et.', 1, '2018-08-27 06:14:18', '2018-08-27 06:14:18'),
(123, 97, 'Maxine Blick', 'Voluptatem velit voluptatem nisi id. Quidem amet tenetur eum numquam amet perspiciatis. Minus enim vel consequatur tenetur est dolorem incidunt.', 2, '2018-08-27 06:14:18', '2018-08-27 06:14:18'),
(124, 93, 'Sim Schmitt', 'Non ex quis veniam vel. Iure dolorem ea reiciendis est consequuntur eos cum.', 4, '2018-08-27 06:14:18', '2018-08-27 06:14:18'),
(125, 63, 'Lisette Balistreri', 'Odio repellendus laborum commodi ut eveniet quis soluta voluptatibus. Soluta repudiandae voluptatem quaerat excepturi voluptatem. Et optio perspiciatis praesentium qui inventore et ducimus.', 1, '2018-08-27 06:14:18', '2018-08-27 06:14:18'),
(126, 88, 'Mr. Jakob Schneider DDS', 'Et consequatur animi voluptate qui alias dolorem ea. Voluptas corrupti est ut est cumque sunt et nulla.', 3, '2018-08-27 06:14:18', '2018-08-27 06:14:18'),
(127, 74, 'Ms. Tania Koepp', 'Enim eum et quis et accusantium saepe iure est. Tenetur natus sit laudantium labore dolor quo. Sed natus et laborum libero quis et consequatur. Repellat consequatur aspernatur itaque ea.', 4, '2018-08-27 06:14:18', '2018-08-27 06:14:18'),
(128, 98, 'Darlene Gislason', 'In quia ex porro doloremque ratione natus. Illo accusantium dolorum nam placeat animi ratione. Nihil suscipit saepe odit. Tempora qui itaque quae praesentium dolor tempora.', 4, '2018-08-27 06:14:18', '2018-08-27 06:14:18'),
(129, 76, 'Christa Lang', 'Et autem et possimus libero voluptatem eum. Voluptas dicta ut qui blanditiis. Amet quibusdam ad ut quasi sed ullam molestias. Nobis officiis omnis voluptate rerum doloremque quo similique.', 0, '2018-08-27 06:14:18', '2018-08-27 06:14:18'),
(130, 83, 'Sydney Langworth', 'Asperiores adipisci consequatur illo. In ea nobis non sapiente.', 1, '2018-08-27 06:14:19', '2018-08-27 06:14:19'),
(131, 83, 'Shyanne Schoen', 'Voluptatem et repudiandae voluptas tempora non. Libero minima distinctio corporis aut sapiente dolorum sit. Vitae placeat molestiae magnam rerum quam sed at. Voluptatem et distinctio qui quisquam.', 4, '2018-08-27 06:14:19', '2018-08-27 06:14:19'),
(132, 59, 'Lester Nienow', 'In rerum voluptas repudiandae quidem quos. Placeat architecto exercitationem nobis amet omnis. Sint hic perferendis hic quis consequuntur modi sed suscipit. Natus eaque rerum necessitatibus qui.', 5, '2018-08-27 06:14:19', '2018-08-27 06:14:19'),
(133, 87, 'Angeline Kilback I', 'Quo molestiae ut unde non. Est facilis corrupti qui quis enim.', 1, '2018-08-27 06:14:19', '2018-08-27 06:14:19'),
(134, 52, 'Lourdes Douglas', 'Velit expedita aut facilis harum est exercitationem. Voluptatum corrupti dolorum saepe sit tempore. Sit doloremque enim qui perferendis optio blanditiis excepturi. Qui iure voluptas similique dolorem. Eligendi ut suscipit totam saepe deleniti veniam.', 5, '2018-08-27 06:14:19', '2018-08-27 06:14:19'),
(135, 86, 'Floy Adams', 'Vero ut earum est in molestiae placeat magni reiciendis. Corrupti quis quas aut dolorem quia voluptates. Provident voluptas quis esse et delectus veritatis.', 1, '2018-08-27 06:14:19', '2018-08-27 06:14:19'),
(136, 75, 'Wilfredo Bauch', 'Sunt ut ipsum laudantium et corporis fugiat quis rerum. Facilis hic eaque qui vitae. Accusantium earum temporibus soluta quam quis.', 3, '2018-08-27 06:14:19', '2018-08-27 06:14:19'),
(137, 66, 'Tom Gorczany', 'Eum iure quo occaecati dolorem fugiat delectus aut. A reprehenderit pariatur odio at. Voluptatem possimus ullam quod facilis.', 2, '2018-08-27 06:14:19', '2018-08-27 06:14:19'),
(138, 60, 'Cecilia Denesik MD', 'Libero perferendis reiciendis eos vel amet. Est sint in pariatur sed sed quam. Repellat vitae laboriosam reprehenderit. Quia quia a ea neque voluptatum et voluptatem. Occaecati voluptatum consequuntur voluptas quia in quia omnis.', 4, '2018-08-27 06:14:19', '2018-08-27 06:14:19'),
(139, 59, 'Alysha Hartmann', 'Vel maxime molestias quam autem. Non accusantium at libero rerum omnis quibusdam aut. Corrupti voluptatem necessitatibus voluptate sunt dolore.', 5, '2018-08-27 06:14:19', '2018-08-27 06:14:19'),
(140, 66, 'Stefanie Weimann', 'Qui possimus recusandae tempora consequatur quo. Placeat quis veniam sit rerum numquam. Voluptate inventore neque iure provident. Cupiditate repellat ut labore unde aspernatur ut dolore. Nemo nemo omnis ipsam autem cumque.', 5, '2018-08-27 06:14:19', '2018-08-27 06:14:19'),
(141, 58, 'Arch Barton', 'Sint rerum fuga inventore rem qui. Eos quaerat quis repellendus voluptas. Perferendis illo deleniti voluptatem.', 3, '2018-08-27 06:14:19', '2018-08-27 06:14:19'),
(142, 99, 'Rosanna Eichmann', 'Facilis eveniet facere qui id adipisci aspernatur laboriosam et. Voluptates aut ut quaerat velit illum vel. Occaecati magni sint quasi mollitia inventore esse expedita. Deleniti officia possimus blanditiis rerum.', 1, '2018-08-27 06:14:19', '2018-08-27 06:14:19'),
(143, 75, 'Jaylin Hammes I', 'Aut ut beatae optio aut porro. Quos et ut vitae assumenda voluptatibus est asperiores. Rerum consequuntur libero unde placeat. Doloribus enim dolorem sunt.', 5, '2018-08-27 06:14:19', '2018-08-27 06:14:19'),
(144, 60, 'Brando Herman MD', 'Dicta aut tempora eveniet ex labore omnis perferendis. Voluptas consequatur delectus ducimus eum sapiente ut qui perspiciatis. Qui eaque modi omnis deleniti. Tempore harum et facilis quo adipisci harum autem ipsam.', 4, '2018-08-27 06:14:19', '2018-08-27 06:14:19'),
(145, 100, 'Jayce Welch', 'Quasi quae consequatur voluptatem deleniti. Natus magni cupiditate possimus in libero. Enim reprehenderit beatae nobis autem. Corporis minima sit neque doloribus.', 3, '2018-08-27 06:14:19', '2018-08-27 06:14:19'),
(146, 61, 'Abel Runolfsdottir', 'Dolores fugit iusto laborum iste. Itaque sapiente ratione itaque iusto omnis culpa voluptate vel. Ab est consequatur non alias. Doloremque quas et dolorem quo atque.', 5, '2018-08-27 06:14:19', '2018-08-27 06:14:19'),
(147, 95, 'Adolf McLaughlin Jr.', 'Dolorum velit deserunt aut voluptates repellat qui et. Ut adipisci occaecati temporibus aut. Qui vitae accusamus dolores rerum soluta iusto et.', 2, '2018-08-27 06:14:19', '2018-08-27 06:14:19'),
(148, 59, 'Mr. Louisa McDermott', 'Magni ea accusamus quo culpa odit dolorem modi pariatur. Officiis labore perferendis autem quibusdam. Sint sint et architecto quidem nihil. Voluptas aut enim voluptates esse rerum incidunt.', 1, '2018-08-27 06:14:19', '2018-08-27 06:14:19'),
(149, 59, 'Jeramie Emmerich', 'Laudantium voluptatibus veniam ipsam odit dolorem. Temporibus totam et sed neque laboriosam est. Itaque sed asperiores consequatur itaque. Dolorem asperiores quisquam tenetur quaerat.', 4, '2018-08-27 06:14:19', '2018-08-27 06:14:19'),
(150, 58, 'Letha Heaney', 'Doloremque enim eligendi accusantium a non fugit. Sit perspiciatis distinctio molestias in a optio et vel. Quod est quod impedit magnam accusamus vel et.', 5, '2018-08-27 06:14:19', '2018-08-27 06:14:19'),
(151, 100, 'Jaren Keebler II', 'Dolores sit cupiditate minus rem doloribus. Nam aspernatur repudiandae molestiae ut vero. Dolore a illum autem occaecati ut rem.', 3, '2018-08-27 06:14:19', '2018-08-27 06:14:19'),
(152, 64, 'Cruz Rolfson', 'Nam rerum dolores perferendis sint iure aut. Rerum aspernatur nihil ad. Illo consectetur ea ad eos magni alias deserunt.', 4, '2018-08-27 06:14:19', '2018-08-27 06:14:19'),
(153, 96, 'Marcel Swift DVM', 'Molestiae tenetur iure officia enim voluptatem in. Officiis consequatur qui sunt velit. Id qui rerum ullam suscipit. Et blanditiis qui minus qui.', 0, '2018-08-27 06:14:19', '2018-08-27 06:14:19'),
(154, 64, 'Dexter Brakus', 'Perspiciatis ut eius voluptates iure vel. Quam accusamus unde reiciendis consequatur. Vero corrupti fugiat eveniet illum dolorem quia aut est.', 5, '2018-08-27 06:14:19', '2018-08-27 06:14:19'),
(155, 62, 'Amalia Brown', 'Est vitae dolores fugiat adipisci. Molestias quaerat harum voluptatem ut deserunt repudiandae. Consequatur ut repudiandae blanditiis sit.', 1, '2018-08-27 06:14:19', '2018-08-27 06:14:19'),
(156, 100, 'Tobin Schroeder', 'Et sed sunt cupiditate quam omnis voluptatem. Sed et impedit sit consequatur sapiente quia. Accusantium ipsam est eum atque rerum aut. Aut ullam ut suscipit. Quasi cumque enim sint velit.', 5, '2018-08-27 06:14:20', '2018-08-27 06:14:20'),
(157, 81, 'May McClure', 'In eum non sequi qui est quibusdam dignissimos harum. Ut officiis et amet. Facere ut tempora illum est illo vel magni. Neque vel at voluptas consequatur voluptates omnis.', 5, '2018-08-27 06:14:20', '2018-08-27 06:14:20'),
(158, 89, 'Elissa Rath', 'Voluptatem et rem id deserunt adipisci numquam eius magni. Aliquam deleniti reprehenderit commodi explicabo. Consequuntur voluptas et pariatur aliquid aperiam autem incidunt.', 0, '2018-08-27 06:14:20', '2018-08-27 06:14:20'),
(159, 78, 'Dr. Hallie Bauch', 'Sed molestiae eligendi quo et sunt. Excepturi fuga alias est asperiores voluptatem aliquam cum nam. Eum iste et provident et tempora natus omnis quia.', 5, '2018-08-27 06:14:20', '2018-08-27 06:14:20'),
(160, 61, 'Brent Corwin', 'Totam quis inventore est delectus et. Ea eveniet vitae fugit aperiam consectetur pariatur non. Sapiente facere itaque error et ut aperiam.', 5, '2018-08-27 06:14:20', '2018-08-27 06:14:20'),
(161, 59, 'Kaylie Upton', 'In nam itaque veniam illo libero ex velit. Aliquam velit incidunt hic. Quod rerum voluptatibus neque vitae corporis repellendus mollitia.', 0, '2018-08-27 06:14:20', '2018-08-27 06:14:20'),
(162, 59, 'Arnulfo Krajcik', 'Qui ratione qui in culpa tenetur aut. Nemo possimus exercitationem dolores neque sunt iste. Omnis aspernatur quia repellendus veniam rerum quis. Impedit harum quia dolor repellendus qui.', 1, '2018-08-27 06:14:20', '2018-08-27 06:14:20'),
(163, 91, 'Chauncey Schmidt', 'Et non dolor velit. Voluptatem hic quo et qui error occaecati modi. Et quia reiciendis magnam enim qui. Numquam est ex voluptatem.', 0, '2018-08-27 06:14:20', '2018-08-27 06:14:20'),
(164, 71, 'Raleigh Kuhic DVM', 'Nesciunt placeat perferendis itaque nisi voluptas suscipit. Eaque quo dicta odio molestiae aut voluptas fugit quia. Omnis nulla nam id.', 4, '2018-08-27 06:14:20', '2018-08-27 06:14:20'),
(165, 90, 'Mrs. Lilly Kautzer', 'Corporis architecto tempore quia ut mollitia. Amet incidunt aliquid sed et.', 1, '2018-08-27 06:14:20', '2018-08-27 06:14:20'),
(166, 88, 'Prof. Raymond Harvey', 'Culpa quae aut est. Hic aperiam cumque quo dolores. Culpa praesentium et aperiam dolore hic.', 5, '2018-08-27 06:14:20', '2018-08-27 06:14:20'),
(167, 83, 'Edgar Erdman', 'Dolores est suscipit magnam consequuntur excepturi ipsam. Saepe laborum voluptatum facilis nisi voluptatibus. Sit aliquid incidunt neque et consequuntur maxime nesciunt autem. Quia vero quas suscipit quod quia.', 3, '2018-08-27 06:14:20', '2018-08-27 06:14:20'),
(168, 77, 'Adelle Koepp', 'Atque voluptate ipsa doloribus deleniti. Molestiae error sunt possimus aspernatur magnam nesciunt. Consectetur dolores omnis corrupti officia.', 5, '2018-08-27 06:14:20', '2018-08-27 06:14:20'),
(169, 59, 'Brannon Borer', 'Qui rem eos dolore. Excepturi architecto dolorem a itaque est quasi. Dolorem ea quidem eius.', 5, '2018-08-27 06:14:20', '2018-08-27 06:14:20'),
(170, 93, 'Vinnie Hahn', 'Iure ut ea excepturi eveniet. Consequatur maxime cum ullam aperiam repellat est. Illo id esse voluptatem fugit perspiciatis consectetur.', 2, '2018-08-27 06:14:20', '2018-08-27 06:14:20'),
(171, 79, 'Kristopher Orn', 'Sit non pariatur fuga rem dolor quis. Corrupti magnam architecto quam ad deserunt doloribus aut. Eaque reprehenderit id est sed numquam. Sint omnis impedit similique in.', 0, '2018-08-27 06:14:20', '2018-08-27 06:14:20'),
(172, 84, 'Manuel Streich DDS', 'Pariatur nisi perspiciatis pariatur magnam animi eveniet dolor. Nobis excepturi architecto magni voluptatibus consectetur. Atque et quibusdam reprehenderit ducimus adipisci laboriosam ipsa. Iure qui est animi corrupti reprehenderit expedita deserunt.', 1, '2018-08-27 06:14:20', '2018-08-27 06:14:20'),
(173, 89, 'Prof. Donny Lindgren', 'Autem non consequuntur ipsum tempora asperiores. Voluptas explicabo dolore debitis qui magni fugit doloribus. Fugiat deserunt est vero omnis voluptas alias assumenda.', 2, '2018-08-27 06:14:20', '2018-08-27 06:14:20'),
(174, 94, 'Deanna King', 'Molestiae cupiditate porro sapiente blanditiis qui. Modi ut porro voluptatum et eaque sunt voluptate voluptatum. Animi ut tenetur harum ullam molestiae beatae quaerat iusto. Ut dicta fugit dolore earum et vero nisi.', 4, '2018-08-27 06:14:20', '2018-08-27 06:14:20'),
(175, 76, 'Reta Hettinger', 'Est adipisci incidunt minima corrupti ratione delectus. Omnis quam quidem et porro consequatur sed beatae.', 0, '2018-08-27 06:14:20', '2018-08-27 06:14:20'),
(176, 78, 'General Ritchie', 'Quo deserunt amet perferendis iure facilis. Error id adipisci qui minima dignissimos esse. Aliquam voluptas illo rem aut.', 2, '2018-08-27 06:14:20', '2018-08-27 06:14:20'),
(177, 80, 'Ms. Odie Sauer V', 'Velit fuga quas eius voluptas. Quia quia quasi ipsum facilis doloribus. Vel porro quisquam corporis. Quas tempore ipsa est neque magnam pariatur.', 5, '2018-08-27 06:14:20', '2018-08-27 06:14:20'),
(178, 78, 'Giovanny Kris', 'Ipsam molestias quaerat nostrum. Enim voluptatem cum praesentium nobis excepturi. Eveniet quos quia facere deleniti est.', 2, '2018-08-27 06:14:20', '2018-08-27 06:14:20'),
(179, 71, 'Ms. Kaylah Zulauf', 'Est excepturi quis sed eligendi. Aut rerum aspernatur quam et vel. Ut ab nulla sapiente quisquam voluptatem accusantium.', 4, '2018-08-27 06:14:20', '2018-08-27 06:14:20'),
(180, 83, 'Lafayette Breitenberg', 'Et vel et pariatur reprehenderit nisi sit. Ullam aut fugiat voluptatem maiores dicta quo sint.', 0, '2018-08-27 06:14:20', '2018-08-27 06:14:20'),
(181, 80, 'Hipolito Windler', 'Sequi omnis eum porro. Distinctio eum eos soluta. Exercitationem enim molestias minima impedit fugiat.', 3, '2018-08-27 06:14:21', '2018-08-27 06:14:21'),
(182, 85, 'Juana Kuphal', 'Odit corrupti neque ea deserunt at dolores. Explicabo soluta perspiciatis unde pariatur nobis velit in. Et dolores minus quidem qui laboriosam temporibus exercitationem. Quos et consectetur explicabo dolore repellat.', 0, '2018-08-27 06:14:21', '2018-08-27 06:14:21'),
(183, 52, 'Dr. Laverna Gottlieb Jr.', 'Aliquam maiores consectetur sunt omnis pariatur ratione. Vitae qui sint et magni. Et ad qui qui sunt nihil nisi minus. Corporis consequatur exercitationem aut quam architecto saepe ullam.', 4, '2018-08-27 06:14:21', '2018-08-27 06:14:21'),
(184, 94, 'Dr. Antonia Aufderhar DDS', 'Est perferendis nemo dolores ducimus. Pariatur autem repellendus doloremque sint qui. Sequi nihil quas totam delectus est est architecto voluptatem.', 1, '2018-08-27 06:14:21', '2018-08-27 06:14:21'),
(185, 88, 'Petra Parisian II', 'Optio tempora quo ab rem corporis cumque. Hic qui temporibus labore. Tempore amet ut at. Eveniet earum ut quasi.', 0, '2018-08-27 06:14:21', '2018-08-27 06:14:21'),
(186, 66, 'Savanah Carroll', 'Sequi eum est odit enim nam officiis. Incidunt odit aut ut ab.', 3, '2018-08-27 06:14:21', '2018-08-27 06:14:21'),
(187, 79, 'Marcellus Doyle MD', 'Consectetur mollitia aut sint dolorum. Laborum officia quis asperiores ut a qui maxime. Mollitia consequatur voluptates magnam nihil sed.', 2, '2018-08-27 06:14:21', '2018-08-27 06:14:21'),
(188, 77, 'Prof. Payton Kub Jr.', 'Id voluptatum aut qui et explicabo voluptatem provident. Eius excepturi exercitationem voluptas autem corrupti aut. Nihil magni magnam rem libero vitae. Similique quia est corrupti similique est eum tempora.', 0, '2018-08-27 06:14:21', '2018-08-27 06:14:21'),
(189, 77, 'Eliezer Wilderman', 'Suscipit nisi cumque vero impedit laudantium tempore. Quaerat sequi ad sit. Veritatis assumenda eius recusandae accusamus quos eius.', 1, '2018-08-27 06:14:21', '2018-08-27 06:14:21'),
(190, 92, 'Linwood Leffler', 'Corporis et quis error asperiores quidem. Quia quasi unde consequuntur corrupti quibusdam. Quas animi magnam perferendis dolore molestiae.', 4, '2018-08-27 06:14:21', '2018-08-27 06:14:21'),
(191, 65, 'Mr. Micheal Lang', 'Maiores soluta libero eum qui tenetur. Nostrum vel nisi atque quos sapiente facere. Et minima impedit nisi repudiandae est consectetur non. Aperiam quo deserunt occaecati ut aut deleniti mollitia.', 2, '2018-08-27 06:14:21', '2018-08-27 06:14:21'),
(192, 73, 'Dewitt O\'Hara', 'Quis sequi et animi eos ratione doloribus. Repellat nihil suscipit modi aut quos qui hic. Dolorem rerum deleniti sed magnam assumenda sed libero.', 4, '2018-08-27 06:14:21', '2018-08-27 06:14:21'),
(193, 98, 'Dr. Derrick Wisozk', 'Ducimus deleniti odio nulla. Qui voluptas velit et ea eum. Molestias odio error veniam est aut quisquam officiis. Blanditiis aliquid ut magni eum. Aut quia iusto eum dolorem quia.', 4, '2018-08-27 06:14:21', '2018-08-27 06:14:21'),
(194, 99, 'Olaf Botsford', 'Velit officia consectetur qui porro. Error est nesciunt veritatis doloremque. Dolorum autem occaecati ut commodi suscipit labore magnam. Et officiis mollitia in ad ut officia.', 3, '2018-08-27 06:14:21', '2018-08-27 06:14:21'),
(195, 66, 'Geraldine Terry', 'Accusantium omnis et voluptas. Sed voluptatum sed eveniet consequatur aut. Ut aperiam nemo officiis sint exercitationem asperiores.', 2, '2018-08-27 06:14:21', '2018-08-27 06:14:21'),
(196, 60, 'Lulu Feest', 'Eaque sit et aut voluptate impedit eius tempora. Ipsum dolor ab optio voluptatem. Sint ipsam ab reiciendis ea perspiciatis corrupti itaque. Iusto perspiciatis atque libero ratione temporibus a. Ipsam ut recusandae exercitationem facilis et rerum est inventore.', 2, '2018-08-27 06:14:21', '2018-08-27 06:14:21'),
(197, 78, 'Billie Parker', 'Architecto explicabo nisi hic est eligendi libero quia vero. Aut ipsum ad est pariatur pariatur quidem facere. Nihil animi quia nostrum reiciendis exercitationem.', 0, '2018-08-27 06:14:21', '2018-08-27 06:14:21'),
(198, 56, 'Maximillian Schinner IV', 'Iste totam repellendus voluptatem id laboriosam. Dolorum excepturi quis totam minus rerum est ut. Distinctio totam ut quia. Animi et unde assumenda sint magnam illo.', 4, '2018-08-27 06:14:21', '2018-08-27 06:14:21'),
(199, 69, 'Arvid Bruen', 'Occaecati est eum accusamus quia et. Adipisci voluptas modi numquam perspiciatis optio. Distinctio et nesciunt libero est aut optio.', 2, '2018-08-27 06:14:21', '2018-08-27 06:14:21'),
(200, 62, 'Luis Cruickshank', 'Neque eos a officia molestiae excepturi facilis qui. Nulla accusantium itaque facilis voluptatem officia iusto molestias. Ut vero aut sint ut.', 3, '2018-08-27 06:14:21', '2018-08-27 06:14:21'),
(201, 56, 'Giles Howe', 'Esse sequi distinctio dolores blanditiis voluptates facere accusantium. Est accusamus corrupti est et soluta illo aut. Itaque omnis doloremque cum laboriosam.', 4, '2018-08-27 06:14:21', '2018-08-27 06:14:21'),
(202, 77, 'Mrs. Nadia Bogisich', 'Ea aspernatur suscipit sequi. Incidunt asperiores facere id ut rem aut at. Enim quas quasi blanditiis pariatur. Et quam eaque sunt ut pariatur tempore reprehenderit.', 2, '2018-08-27 06:14:21', '2018-08-27 06:14:21'),
(203, 83, 'Dr. Rashad Huel Sr.', 'Repudiandae dolor earum veritatis veniam est. Nihil fugit nesciunt ducimus alias excepturi ut quidem. Dolores aspernatur ut et repellendus.', 1, '2018-08-27 06:14:21', '2018-08-27 06:14:21'),
(204, 55, 'Tianna Kerluke', 'Vitae corrupti rerum amet harum repellat. Dolores corporis repudiandae nemo est. Magnam sint nihil tenetur exercitationem.', 1, '2018-08-27 06:14:21', '2018-08-27 06:14:21'),
(205, 51, 'Ronaldo Hartmann', 'Dolorem quia esse et voluptatibus. Tempore nemo animi qui est architecto et nesciunt qui. A facere tenetur natus qui. Expedita quia omnis et doloremque error.', 5, '2018-08-27 06:14:21', '2018-08-27 06:14:21'),
(206, 80, 'Ervin Cremin V', 'Quasi quasi ex cupiditate numquam. Officia dolores sapiente ut numquam eum ipsam. Corrupti aut voluptates ipsam esse.', 4, '2018-08-27 06:14:21', '2018-08-27 06:14:21'),
(207, 100, 'Treva Keebler', 'Ipsa soluta accusamus reprehenderit et suscipit vel officia. Dolor ea quia perferendis ea. Corrupti id eum incidunt nam occaecati qui aut.', 4, '2018-08-27 06:14:21', '2018-08-27 06:14:21'),
(208, 63, 'Jarrod Lind', 'Et corporis quam sit voluptate vero ex. Eum quis ad ut et.', 3, '2018-08-27 06:14:21', '2018-08-27 06:14:21'),
(209, 66, 'Mr. Clement Volkman III', 'Debitis et eum sint aut id. Tempore nemo temporibus incidunt dolores alias dolores. Sunt nobis quia temporibus odio unde.', 1, '2018-08-27 06:14:22', '2018-08-27 06:14:22'),
(210, 91, 'Noemi VonRueden', 'Qui culpa ut reprehenderit qui ducimus modi. Debitis et expedita adipisci totam quia doloremque sint doloremque. Ut delectus in perferendis quaerat excepturi.', 2, '2018-08-27 06:14:22', '2018-08-27 06:14:22');
INSERT INTO `reviews` (`id`, `product_id`, `customer`, `review`, `star`, `created_at`, `updated_at`) VALUES
(211, 93, 'Prof. Tina Schamberger Sr.', 'Quas pariatur voluptatem adipisci accusantium harum quia. Neque repellendus cumque eos non nemo iure. Ad quia aperiam deleniti in aut tenetur.', 4, '2018-08-27 06:14:22', '2018-08-27 06:14:22'),
(212, 59, 'Dr. Rafael Hickle', 'Ipsum atque consequuntur sunt. Inventore aut natus sunt accusantium qui est doloremque. Soluta quia exercitationem nobis laborum omnis alias. Qui mollitia voluptatem qui maiores sint ipsa sed. Est quisquam dolore aut voluptates et eum corporis.', 4, '2018-08-27 06:14:22', '2018-08-27 06:14:22'),
(213, 93, 'Alessia Stamm', 'Unde eveniet delectus doloremque accusantium eum doloremque accusamus. Molestiae sed voluptatum nesciunt quo saepe qui velit. Mollitia blanditiis a laboriosam. Voluptatum sit corrupti quos consequatur rerum ipsam consequatur. Aut aut est consequuntur deleniti hic ratione corrupti.', 1, '2018-08-27 06:14:22', '2018-08-27 06:14:22'),
(214, 93, 'Ramiro Yost', 'Voluptas laboriosam qui nihil cumque. Harum rerum quasi voluptatem ut amet ut. Voluptate occaecati veniam optio aperiam ex.', 2, '2018-08-27 06:14:22', '2018-08-27 06:14:22'),
(215, 100, 'Lonny Blick', 'Ea mollitia ut alias quaerat sunt doloremque. Atque expedita eligendi nam ut sequi. Id et amet quo suscipit. Atque non amet expedita. Et soluta eligendi voluptatem sit.', 1, '2018-08-27 06:14:22', '2018-08-27 06:14:22'),
(216, 84, 'Ricardo Kirlin', 'Repellendus voluptate similique corporis ea officiis. Facere et amet nemo ut iusto. Facere omnis ut ullam non dolor non.', 0, '2018-08-27 06:14:22', '2018-08-27 06:14:22'),
(217, 65, 'Prof. Lew Zulauf DVM', 'Nobis vitae recusandae illo vel. Rerum animi in tempore quo numquam. Dolorum officiis doloremque veritatis doloremque iure amet.', 3, '2018-08-27 06:14:22', '2018-08-27 06:14:22'),
(218, 95, 'Molly Corkery', 'Eligendi aut officia sed. Est minima impedit architecto natus. Dolorum sit sed nesciunt tempora.', 0, '2018-08-27 06:14:22', '2018-08-27 06:14:22'),
(219, 95, 'Mrs. Emmy Gibson IV', 'Qui et ab praesentium. Atque quaerat voluptatem nobis laudantium. Quo autem perspiciatis nihil doloremque.', 0, '2018-08-27 06:14:22', '2018-08-27 06:14:22'),
(220, 68, 'Miss Janis Rowe V', 'Quia laboriosam aut nostrum eius. Et excepturi rem iure iusto nemo ut ad ipsam. Accusamus laudantium repudiandae voluptate dolor voluptate nemo accusantium.', 1, '2018-08-27 06:14:22', '2018-08-27 06:14:22'),
(221, 92, 'Kianna Hilpert II', 'Corrupti aperiam temporibus dolores aut similique et harum aut. Voluptates voluptatem nulla aut quo.', 5, '2018-08-27 06:14:22', '2018-08-27 06:14:22'),
(222, 69, 'Dr. Gisselle Corkery', 'Eius et ipsam libero molestiae ea est cupiditate. Sed nobis quis quia expedita dolor qui. Optio corporis accusantium at. Pariatur cumque minima perspiciatis sunt temporibus eos sint. Dignissimos iusto et distinctio necessitatibus magnam doloribus non.', 5, '2018-08-27 06:14:22', '2018-08-27 06:14:22'),
(223, 86, 'Newton Funk', 'Ratione voluptatem molestiae adipisci quia. Exercitationem enim quos ut ut quam et quis nulla. In animi libero est quo eligendi. Tenetur dignissimos sequi aut doloribus fuga minima.', 5, '2018-08-27 06:14:22', '2018-08-27 06:14:22'),
(224, 60, 'Orpha Olson IV', 'Voluptatem facilis voluptatem et quo. Praesentium ut cupiditate distinctio maiores. Esse sunt perspiciatis nostrum corrupti magnam qui.', 5, '2018-08-27 06:14:22', '2018-08-27 06:14:22'),
(225, 55, 'Alba Kihn', 'Sequi et harum incidunt vel voluptatem. Consequatur et in rerum quis. Quas asperiores nisi eum tenetur. Quisquam soluta amet quibusdam eos numquam qui.', 4, '2018-08-27 06:14:22', '2018-08-27 06:14:22'),
(226, 93, 'Bart Kunze', 'Debitis cupiditate autem libero aliquam dolorem. Illum ab dolor suscipit iste non occaecati. Possimus molestiae est eum dolorem aliquid corrupti eum omnis.', 4, '2018-08-27 06:14:22', '2018-08-27 06:14:22'),
(227, 56, 'Abe Boehm', 'Dolor et corrupti quia praesentium. Rerum id recusandae ad omnis ut corporis in tempore. Fugit odio voluptatem voluptatem quasi non qui magni.', 2, '2018-08-27 06:14:22', '2018-08-27 06:14:22'),
(228, 87, 'Mrs. Jaunita Murray', 'Consequatur quibusdam consequatur optio. Eum molestiae ut doloribus temporibus ut. Sit nihil possimus maxime dicta quia dolore ea. Rem ut est nam sunt enim mollitia perspiciatis incidunt. Excepturi voluptas labore earum eveniet porro voluptates quisquam.', 3, '2018-08-27 06:14:22', '2018-08-27 06:14:22'),
(229, 75, 'Renee Prosacco', 'Distinctio accusantium illum distinctio possimus. Labore atque et voluptas blanditiis tenetur. Expedita autem et cum sit dolorem. Culpa vitae et dolorum molestiae autem repudiandae.', 3, '2018-08-27 06:14:22', '2018-08-27 06:14:22'),
(230, 98, 'Eda Deckow I', 'Dolor qui ut voluptate mollitia non. Nihil molestias error illo sequi ducimus ut sapiente. Molestias dolor eos ipsam perferendis rem.', 2, '2018-08-27 06:14:22', '2018-08-27 06:14:22'),
(231, 97, 'Mrs. Laila Bogisich Sr.', 'Et dolore quos dolorem nihil quam ab. Eos voluptas est rerum est. Sed fuga accusantium quis repudiandae. Quis ea est labore voluptas et iure.', 2, '2018-08-27 06:14:22', '2018-08-27 06:14:22'),
(232, 82, 'Mrs. Elissa Lockman', 'Quam rerum illo nulla ea aspernatur. Adipisci blanditiis quo et placeat numquam. Ducimus non labore molestiae blanditiis. Tempore magni consequatur hic quod. Aspernatur in exercitationem eaque voluptatem maxime aut.', 3, '2018-08-27 06:14:22', '2018-08-27 06:14:22'),
(233, 98, 'Frieda Aufderhar', 'Odio quis dignissimos quaerat. Fugit quas dolores optio nulla aperiam adipisci voluptas corrupti. Laudantium voluptatem dolorum ipsa.', 0, '2018-08-27 06:14:22', '2018-08-27 06:14:22'),
(234, 62, 'Mr. Gordon Schuppe', 'Voluptas voluptatum rerum amet aut molestias. Voluptatem dolor dolorum occaecati totam saepe ipsum. Rem itaque natus asperiores repellendus distinctio minus. Expedita minima id ipsum.', 3, '2018-08-27 06:14:22', '2018-08-27 06:14:22'),
(235, 62, 'Stan Kiehn', 'Dolorum incidunt enim eveniet et laboriosam vero accusamus. Nisi dolores facere incidunt. Blanditiis atque molestiae fugiat voluptatem inventore repudiandae.', 1, '2018-08-27 06:14:22', '2018-08-27 06:14:22'),
(236, 63, 'Dr. Alisha Braun DDS', 'Assumenda sunt facilis et culpa ullam explicabo. Minus aspernatur earum sapiente voluptas exercitationem qui autem. Veritatis ipsam eum fuga repudiandae.', 5, '2018-08-27 06:14:22', '2018-08-27 06:14:22'),
(237, 83, 'Gaston Cummings', 'Deserunt vero animi reiciendis nisi eum sint reprehenderit. Eos voluptate ipsa autem reiciendis.', 4, '2018-08-27 06:14:22', '2018-08-27 06:14:22'),
(238, 98, 'Zachariah Zboncak', 'Illum suscipit voluptas ratione natus rerum consectetur earum. At et eos illum dolores non maxime repudiandae porro. Esse et quia sint.', 4, '2018-08-27 06:14:22', '2018-08-27 06:14:22'),
(239, 75, 'Mrs. Malinda Berge PhD', 'Alias rerum vel ducimus inventore laudantium. Consequatur ea sint non. Incidunt qui adipisci ut quae perspiciatis sit.', 1, '2018-08-27 06:14:23', '2018-08-27 06:14:23'),
(240, 63, 'Dr. Kennedy Wehner DVM', 'Ut voluptatem provident ut inventore tenetur. Facilis nesciunt quasi rerum sed id. Nostrum qui pariatur saepe omnis accusamus quia est voluptatem. Voluptas qui doloremque aut ut.', 5, '2018-08-27 06:14:23', '2018-08-27 06:14:23'),
(241, 92, 'Reta Littel', 'Tempora veritatis eum accusamus nemo magnam. Consequatur nisi est autem molestiae. Quasi nobis sunt inventore tempora vitae et tempora perspiciatis.', 3, '2018-08-27 06:14:23', '2018-08-27 06:14:23'),
(242, 87, 'Miss Casandra Jakubowski V', 'Possimus quod molestiae rerum ut et perspiciatis odio voluptatem. In nobis iure veritatis. Nulla neque atque dolorem assumenda ullam. Et omnis et assumenda ea.', 0, '2018-08-27 06:14:23', '2018-08-27 06:14:23'),
(243, 62, 'Murphy Keeling', 'Amet delectus adipisci rerum impedit sapiente. Aut possimus quo molestiae asperiores sunt nesciunt. Natus deleniti ducimus qui consequatur. Aliquam quasi debitis reiciendis inventore incidunt error porro.', 5, '2018-08-27 06:14:23', '2018-08-27 06:14:23'),
(244, 83, 'Isaac Hegmann', 'Veritatis sit beatae quia quia. Sit dolores sit dignissimos sunt ea aut eum. Et rerum quibusdam dolores commodi vero. Sed ipsa enim ut numquam voluptatibus explicabo.', 4, '2018-08-27 06:14:23', '2018-08-27 06:14:23'),
(245, 61, 'Emilia Kilback', 'Eligendi qui sequi aut sit impedit. Reprehenderit error accusamus vero similique. Magni molestiae provident porro consequatur nesciunt cupiditate.', 2, '2018-08-27 06:14:23', '2018-08-27 06:14:23'),
(246, 82, 'Dr. Damien Bechtelar', 'Et quis repellendus fugiat eaque laborum. Aut a deleniti qui ea velit harum. Ad recusandae temporibus quaerat adipisci nisi facere debitis.', 5, '2018-08-27 06:14:23', '2018-08-27 06:14:23'),
(247, 75, 'Destiney Gulgowski', 'Tempora aspernatur ut accusamus omnis. Repellat voluptatem non maxime neque quasi. Tempora in praesentium tenetur dicta. Fuga consectetur modi in est quidem rerum saepe.', 5, '2018-08-27 06:14:23', '2018-08-27 06:14:23'),
(248, 55, 'Isabella Towne', 'Quos fugiat dolorem unde maiores. Quam sint ipsa officiis excepturi. Qui explicabo quis ea aut aliquam ut. Voluptate autem est dolor ex accusamus. Voluptas ipsa dignissimos ullam eos quia illo et.', 1, '2018-08-27 06:14:23', '2018-08-27 06:14:23'),
(249, 76, 'Roslyn Wyman', 'Quo placeat sed similique officia. Aliquam deleniti error aut qui dolor consequatur. A deserunt pariatur saepe est voluptatem exercitationem. Officia eum quia nulla autem accusamus. Libero voluptatum doloribus consectetur placeat modi velit consequuntur distinctio.', 0, '2018-08-27 06:14:23', '2018-08-27 06:14:23'),
(250, 66, 'Miss Alanis Kihn', 'Iure reprehenderit ea esse eaque illo. Voluptatem temporibus et aliquam maiores iusto fugit. Rerum et qui ipsum qui culpa dolore unde.', 5, '2018-08-27 06:14:23', '2018-08-27 06:14:23'),
(251, 79, 'Francesco Skiles', 'Sapiente enim facilis magnam sint. Nobis nulla totam doloremque. Rerum architecto ut ut. Magni dolores quia qui esse quia.', 0, '2018-08-27 06:14:23', '2018-08-27 06:14:23'),
(252, 59, 'Amelia Hand Jr.', 'Omnis molestias repellendus ducimus ut. Veniam sit quam assumenda dicta similique. Perferendis molestias at quis. Tenetur omnis quia temporibus necessitatibus ut ullam.', 1, '2018-08-27 06:14:23', '2018-08-27 06:14:23'),
(253, 74, 'Shawn Howell', 'Totam dolorem officiis modi molestiae et qui. Veniam aut autem ea accusantium autem veniam. Rerum rem molestias porro molestias.', 3, '2018-08-27 06:14:23', '2018-08-27 06:14:23'),
(254, 78, 'Junius Marks', 'Facilis eos ipsa ducimus nulla fuga fuga consequatur. Incidunt sunt eveniet non vel labore eligendi quidem est. Eius id saepe doloribus inventore illo illo. Placeat architecto iure et.', 3, '2018-08-27 06:14:23', '2018-08-27 06:14:23'),
(255, 80, 'Felicity Kohler', 'Molestiae saepe qui qui aut et et. Tempore sed ut fuga. Corporis aut eos consequatur modi vitae et.', 1, '2018-08-27 06:14:23', '2018-08-27 06:14:23'),
(256, 74, 'Retha Metz DDS', 'Laudantium totam odit doloremque nihil possimus nostrum. Quam illum dolores id unde aliquid. Consequatur optio voluptatibus error nam occaecati fuga sapiente. Reprehenderit magnam porro dolor modi reprehenderit molestias odit. Eaque qui reprehenderit atque dolor magni.', 4, '2018-08-27 06:14:23', '2018-08-27 06:14:23'),
(257, 76, 'Mrs. Theresia Weimann III', 'Minus dolor amet soluta dolore eaque. Totam minus sunt perspiciatis eos veniam velit qui. Officiis pariatur dolores quasi nam fugit animi enim.', 4, '2018-08-27 06:14:23', '2018-08-27 06:14:23'),
(258, 81, 'Shania Wiegand', 'Cumque dolorem deserunt tempora nesciunt et consequuntur voluptatum. Aut laudantium quia voluptatibus cupiditate et ad quam. Quo voluptas nesciunt asperiores provident temporibus repudiandae repellendus fugiat. Nobis ipsa nulla maxime.', 3, '2018-08-27 06:14:23', '2018-08-27 06:14:23'),
(259, 93, 'Mrs. Leonie Spinka', 'Expedita nemo architecto omnis fuga. Deserunt optio dolor labore ab ut. Quod esse enim autem exercitationem modi consequuntur.', 0, '2018-08-27 06:14:23', '2018-08-27 06:14:23'),
(260, 78, 'Lizeth Collier', 'Rerum eum quia nihil dignissimos eligendi. Architecto consequatur quas dignissimos explicabo cum pariatur. Cum reprehenderit nulla harum iste qui fugiat impedit. Non voluptate quia ea eveniet qui natus.', 1, '2018-08-27 06:14:23', '2018-08-27 06:14:23'),
(261, 75, 'Julia Botsford Sr.', 'Adipisci magnam quisquam earum eaque consectetur. Non ducimus est odit magni aut et distinctio distinctio. Adipisci vel tempora maxime maiores error voluptates commodi deserunt. Voluptas unde explicabo et est voluptatem et sit.', 5, '2018-08-27 06:14:23', '2018-08-27 06:14:23'),
(262, 52, 'Victor Wyman', 'Deleniti animi et impedit non animi quaerat voluptas eligendi. Optio architecto at earum aut est eos. Consequuntur voluptas consequatur numquam laborum quae maxime.', 3, '2018-08-27 06:14:23', '2018-08-27 06:14:23'),
(263, 61, 'Mrs. Eileen Quitzon III', 'Eveniet quia eos maiores incidunt. Nam eos nemo doloremque et consectetur culpa. Et laboriosam fugit nesciunt earum. Nam ut omnis veritatis numquam eos delectus.', 5, '2018-08-27 06:14:23', '2018-08-27 06:14:23'),
(264, 53, 'Emerson Nienow', 'Neque temporibus sapiente maiores sit. Reiciendis veniam natus amet nemo. Unde minima architecto sit possimus. Est consequatur dolor quasi officiis distinctio quia.', 5, '2018-08-27 06:14:23', '2018-08-27 06:14:23'),
(265, 64, 'Erna Schoen', 'Non eveniet explicabo magnam ipsa dicta sed ut. Iusto ut ut qui omnis ut repudiandae ipsum. Blanditiis sit et aut velit.', 4, '2018-08-27 06:14:23', '2018-08-27 06:14:23'),
(266, 69, 'Lenny Cartwright MD', 'Magnam natus repellendus consequatur nihil autem esse at. Quo autem laborum magnam aspernatur a aut vero reiciendis. Rem velit earum adipisci deserunt minima nihil.', 5, '2018-08-27 06:14:23', '2018-08-27 06:14:23'),
(267, 90, 'Americo Corkery', 'Assumenda aut voluptas accusamus adipisci. Iure in laborum in voluptatibus laudantium aut vel voluptatum. Pariatur culpa debitis architecto repudiandae nostrum.', 0, '2018-08-27 06:14:23', '2018-08-27 06:14:23'),
(268, 79, 'Ryann Hyatt', 'Nisi cum assumenda ut dolores repudiandae. Laudantium praesentium ipsa et voluptate quae. Explicabo consequatur eligendi debitis dolores nemo voluptatem. Et at explicabo iusto eveniet.', 5, '2018-08-27 06:14:23', '2018-08-27 06:14:23'),
(269, 90, 'Brandyn Ankunding', 'Alias corrupti corrupti cupiditate non vitae perspiciatis. Doloribus quis occaecati aut in nihil asperiores vel. Et rerum quisquam nostrum aspernatur aliquid. In et aut nemo maxime excepturi et. Eum dolorem ut enim minima quae maxime impedit.', 0, '2018-08-27 06:14:24', '2018-08-27 06:14:24'),
(270, 83, 'Brendon Hickle', 'Eum possimus rem nostrum provident doloremque autem. Inventore ad beatae et. Doloremque aut facere necessitatibus.', 0, '2018-08-27 06:14:24', '2018-08-27 06:14:24'),
(271, 99, 'Mrs. Jennie Daugherty', 'Nulla eveniet maiores perspiciatis aut. Ut eos excepturi quam deleniti quos quod. Aut repellendus voluptatibus maxime labore aspernatur. Sed deleniti fugit optio id.', 2, '2018-08-27 06:14:24', '2018-08-27 06:14:24'),
(272, 78, 'Mrs. Leatha Wyman V', 'Molestias nihil eligendi tempora. Ea voluptatem soluta dolor dolorem assumenda non reprehenderit. Omnis natus doloribus minus atque sed quidem. Veritatis natus tempora deserunt. Maxime eaque aut quia beatae.', 1, '2018-08-27 06:14:24', '2018-08-27 06:14:24'),
(273, 75, 'Landen Ondricka', 'Molestiae dolores totam aut commodi debitis. Blanditiis et qui soluta vel quae. Magni voluptatem occaecati illo qui et expedita ea quis. Nulla et dicta repudiandae pariatur consequuntur similique molestiae. Aut a quia alias dignissimos et fuga quia vitae.', 0, '2018-08-27 06:14:24', '2018-08-27 06:14:24'),
(274, 79, 'Berry Heidenreich', 'Voluptatem accusamus cumque et rerum praesentium nobis minima. Doloremque tempora qui necessitatibus ipsum. Occaecati voluptatibus voluptatem consequuntur et deserunt.', 5, '2018-08-27 06:14:24', '2018-08-27 06:14:24'),
(275, 80, 'Else Wilkinson MD', 'Adipisci quasi quam rerum enim fugiat. Reiciendis quisquam fuga et numquam qui aut repellat. Doloribus et nihil in.', 1, '2018-08-27 06:14:24', '2018-08-27 06:14:24'),
(276, 77, 'Tyrell Greenfelder', 'Quasi in et dolorum molestiae corporis harum delectus. Sed delectus quas nihil libero laborum dolor. Nostrum voluptatem necessitatibus et veniam excepturi qui eum ut. Dolores et aut tenetur qui aut.', 0, '2018-08-27 06:14:24', '2018-08-27 06:14:24'),
(277, 87, 'Izabella Ferry', 'Sint repellendus architecto ipsum. Id omnis enim quos et. Porro corrupti tempore dolore voluptas nam et veniam.', 3, '2018-08-27 06:14:24', '2018-08-27 06:14:24'),
(278, 76, 'Enrique Schiller', 'Omnis eos sit voluptas corrupti eius est voluptatem. Error earum modi veniam inventore voluptatem. Provident vitae veniam eos rerum sed deserunt nam eius. Quos et itaque explicabo autem doloribus et repudiandae pariatur.', 5, '2018-08-27 06:14:24', '2018-08-27 06:14:24'),
(279, 76, 'Prof. Ewald Bins', 'Accusantium maxime maxime sed velit eos id. Similique et sed sed sapiente a beatae. Suscipit ducimus nam illo perferendis. Voluptatum eos et perspiciatis saepe.', 1, '2018-08-27 06:14:24', '2018-08-27 06:14:24'),
(280, 58, 'Giuseppe Grimes', 'Et qui aperiam ad sit beatae odit placeat. Quis deleniti optio omnis fugit sunt. Amet corporis voluptas aspernatur possimus ut. Autem consectetur est et velit harum.', 2, '2018-08-27 06:14:24', '2018-08-27 06:14:24'),
(281, 64, 'Dr. Lou Schuppe I', 'Optio dolorem sit consectetur ullam eum unde et quia. Autem sint eius eligendi odit et consectetur. Laborum incidunt non tempora ut et officia eligendi. Ipsum ratione in porro voluptatem nihil.', 2, '2018-08-27 06:14:24', '2018-08-27 06:14:24'),
(282, 67, 'Dale Yundt', 'Modi voluptas quasi repellendus sit exercitationem odit aut. Sed fugiat a quod est. Qui beatae amet sunt qui repudiandae.', 0, '2018-08-27 06:14:24', '2018-08-27 06:14:24'),
(283, 56, 'Ashlee Parker', 'Est corrupti velit et dolores animi. Veritatis nisi sit eum minus eum ducimus recusandae. Numquam sunt sed unde nemo illo fugit quis. Voluptatem architecto et dolore quo.', 0, '2018-08-27 06:14:24', '2018-08-27 06:14:24'),
(284, 96, 'Freeman Mosciski', 'Reprehenderit nisi debitis autem sed qui aperiam. Officia sapiente eum illo sint ipsam sapiente. Illo non corporis repellendus dolorum necessitatibus rerum. Ut occaecati est aut hic aut voluptatum aut deserunt.', 1, '2018-08-27 06:14:24', '2018-08-27 06:14:24'),
(285, 97, 'Velda Gislason IV', 'Qui nesciunt dolores molestiae et quasi neque. Eveniet ut dolores dicta pariatur perspiciatis. Aut suscipit suscipit sint nesciunt dolorem nisi. Voluptate quia eius et odio.', 5, '2018-08-27 06:14:24', '2018-08-27 06:14:24'),
(286, 82, 'Gilda Dare', 'Eum sint aspernatur aliquam iusto. Labore ipsam adipisci quaerat quod aut et porro. Deserunt nam quibusdam est veritatis nihil et aut.', 5, '2018-08-27 06:14:24', '2018-08-27 06:14:24'),
(287, 66, 'Jace Windler', 'Labore vitae possimus doloribus officiis culpa. Ut blanditiis nam consequatur ut laudantium. Voluptatem iure ullam ipsum velit laboriosam.', 1, '2018-08-27 06:14:24', '2018-08-27 06:14:24'),
(288, 51, 'Melvina Strosin', 'Quia quod laborum distinctio saepe culpa qui dolore veniam. Facere id porro enim tempora unde. Quis illo delectus ex non incidunt non qui. Quaerat ut temporibus quia neque ea.', 3, '2018-08-27 06:14:24', '2018-08-27 06:14:24'),
(289, 73, 'Prof. Janick Collins IV', 'Quis in nisi dicta perferendis. Modi et minus ut quia blanditiis recusandae debitis. Dolorem occaecati vero est qui voluptates eligendi consequatur.', 0, '2018-08-27 06:14:24', '2018-08-27 06:14:24'),
(290, 55, 'Rowena Quigley', 'Officia molestias consectetur reprehenderit modi alias. Itaque et placeat quam natus voluptatem harum neque incidunt. Et saepe voluptatem quo deleniti cupiditate.', 0, '2018-08-27 06:14:24', '2018-08-27 06:14:24'),
(291, 88, 'Mr. Adolph Von', 'Distinctio autem quisquam totam. Et id iusto aliquid atque labore. Quo magni voluptatem ducimus nemo itaque numquam qui voluptatem.', 1, '2018-08-27 06:14:24', '2018-08-27 06:14:24'),
(292, 58, 'Stanton Klocko', 'Sunt quo vel asperiores quam accusamus totam. Et velit animi eaque non non eos quidem.', 3, '2018-08-27 06:14:24', '2018-08-27 06:14:24'),
(293, 73, 'Johann Sauer', 'Recusandae dolore corrupti recusandae ex non vel. Voluptas modi commodi totam. Voluptatibus odio consectetur est enim est ex eaque. Quod iusto sit minus earum.', 1, '2018-08-27 06:14:24', '2018-08-27 06:14:24'),
(294, 51, 'Giovanni Brown Jr.', 'Suscipit libero aperiam assumenda architecto. Autem adipisci sunt exercitationem quasi aspernatur pariatur optio in. Aliquid molestiae mollitia dolorum quis eveniet neque iste.', 3, '2018-08-27 06:14:25', '2018-08-27 06:14:25'),
(295, 63, 'Kurt Hyatt', 'Impedit libero vero soluta tempore ipsa saepe dolorem. Explicabo at mollitia facere illum enim voluptas rem. Provident ut et aperiam accusantium quidem dicta.', 3, '2018-08-27 06:14:25', '2018-08-27 06:14:25'),
(296, 70, 'Jadon Simonis', 'Dolorem molestias assumenda deserunt ipsa velit. Ut quis et officia tempore qui facilis et. Et id porro quisquam in molestiae nesciunt corrupti.', 3, '2018-08-27 06:14:25', '2018-08-27 06:14:25'),
(297, 94, 'Melisa Friesen', 'Quis eligendi consectetur qui sed tenetur. Molestiae autem delectus quae numquam ut ex consequuntur. Esse enim animi quas ea. Eveniet maxime corporis omnis saepe enim et. Consequuntur dignissimos esse velit vel qui voluptatem fugit.', 5, '2018-08-27 06:14:25', '2018-08-27 06:14:25'),
(298, 66, 'Marian Koepp III', 'Iusto totam est qui est. Reiciendis nulla sit dolore nulla corrupti. Ea repellendus quia incidunt. Ut provident facilis nulla ex aut.', 2, '2018-08-27 06:14:25', '2018-08-27 06:14:25'),
(299, 64, 'Dr. Wilfredo Welch PhD', 'Nisi et aspernatur qui ex voluptas voluptatem. Modi nihil aut eos magnam unde aut. Accusamus ipsa consequatur et deleniti delectus consequatur officia. Iste voluptates natus minus ut et tempora delectus. Voluptates et unde et quia omnis fugit.', 5, '2018-08-27 06:14:25', '2018-08-27 06:14:25'),
(300, 97, 'Nova Murphy', 'Autem voluptatum fuga distinctio non sapiente fugit consequuntur. Voluptatibus nulla sit nesciunt atque laboriosam iste. Deserunt voluptatem vel repellat et in deleniti fugiat. Beatae ipsa aut ratione rerum. Illo numquam autem maiores cum non.', 1, '2018-08-27 06:14:25', '2018-08-27 06:14:25');

-- --------------------------------------------------------

--
-- Table structure for table `users`
--

CREATE TABLE `users` (
  `id` int(10) UNSIGNED NOT NULL,
  `name` varchar(191) COLLATE utf8mb4_unicode_ci NOT NULL,
  `email` varchar(191) COLLATE utf8mb4_unicode_ci NOT NULL,
  `password` varchar(191) COLLATE utf8mb4_unicode_ci NOT NULL,
  `remember_token` varchar(100) COLLATE utf8mb4_unicode_ci DEFAULT NULL,
  `created_at` timestamp NULL DEFAULT NULL,
  `updated_at` timestamp NULL DEFAULT NULL
) ENGINE=InnoDB DEFAULT CHARSET=utf8mb4 COLLATE=utf8mb4_unicode_ci;

--
-- Indexes for dumped tables
--

--
-- Indexes for table `migrations`
--
ALTER TABLE `migrations`
  ADD PRIMARY KEY (`id`);

--
-- Indexes for table `password_resets`
--
ALTER TABLE `password_resets`
  ADD KEY `password_resets_email_index` (`email`);

--
-- Indexes for table `products`
--
ALTER TABLE `products`
  ADD PRIMARY KEY (`id`);

--
-- Indexes for table `reviews`
--
ALTER TABLE `reviews`
  ADD PRIMARY KEY (`id`);

--
-- Indexes for table `users`
--
ALTER TABLE `users`
  ADD PRIMARY KEY (`id`),
  ADD UNIQUE KEY `users_email_unique` (`email`);

--
-- AUTO_INCREMENT for dumped tables
--

--
-- AUTO_INCREMENT for table `migrations`
--
ALTER TABLE `migrations`
  MODIFY `id` int(10) UNSIGNED NOT NULL AUTO_INCREMENT, AUTO_INCREMENT=4;

--
-- AUTO_INCREMENT for table `products`
--
ALTER TABLE `products`
  MODIFY `id` int(10) UNSIGNED NOT NULL AUTO_INCREMENT, AUTO_INCREMENT=101;

--
-- AUTO_INCREMENT for table `reviews`
--
ALTER TABLE `reviews`
  MODIFY `id` int(10) UNSIGNED NOT NULL AUTO_INCREMENT, AUTO_INCREMENT=301;

--
-- AUTO_INCREMENT for table `users`
--
ALTER TABLE `users`
  MODIFY `id` int(10) UNSIGNED NOT NULL AUTO_INCREMENT;
COMMIT;

/*!40101 SET CHARACTER_SET_CLIENT=@OLD_CHARACTER_SET_CLIENT */;
/*!40101 SET CHARACTER_SET_RESULTS=@OLD_CHARACTER_SET_RESULTS */;
/*!40101 SET COLLATION_CONNECTION=@OLD_COLLATION_CONNECTION */;
